id,player,from,to,position,height,weight,birth_date,colleges
babbch01,Chris Babb,2014,2014,G,196,225,1990-02-14,"Penn State, Iowa State"
babbilu01,Luke Babbitt,2011,2018,F,206,225,1989-06-20,Nevada
babicmi01,Miloš Babić,1991,1992,C-F,213,240,1968-11-23,Tennessee Technological University
bachjo01,Johnny Bach,1949,1949,F-G,188,180,1924-07-10,Fordham
bacondw01,Dwayne Bacon,2018,2021,G,198,221,1995-08-30,Florida State
baconhe01,Henry Bacon,1973,1973,G,190,205,1948-07-05,Louisville
baechji01,Jim Baechtold,1953,1957,F-G,193,205,1927-12-09,Eastern Kentucky University
bagarda01,Dalibor Bagarić,2001,2003,C,216,255,1980-02-07,
baglejo01,John Bagley,1983,1994,G,183,185,1960-04-23,Boston College
baglema01,Marvin Bagley III,2019,2023,F-C,211,235,1999-03-14,Duke
baileca01,Carl Bailey,1982,1982,C,213,210,1958-04-23,Tuskegee University
bailegu01,Gus Bailey,1975,1980,G-F,196,185,1951-02-18,Texas-El Paso
baileja01,James Bailey,1980,1988,F-C,206,220,1957-05-21,Rutgers University
baileth01,Thurl Bailey,1984,1999,F-C,211,215,1961-04-07,NC State
baileto01,Toby Bailey,1999,2000,G,198,213,1975-11-19,UCLA
bairsca01,Cameron Bairstow,2015,2016,F-C,206,250,1990-12-07,New Mexico
bakerji01,Jimmie Baker,1976,1976,F,206,220,1953-12-25,"UNLV, Hawaii"
bakerla01,Mark Baker,1999,1999,G,185,175,1969-11-11,Ohio State
bakerma01,Maurice Baker,2005,2005,G,185,175,1979-07-28,Oklahoma State
bakerno01,Norm Baker,1947,1947,G,183,180,1923-02-17,
bakerro01,Ron Baker,2017,2019,G,193,220,1993-03-30,Wichita State
bakervi01,Vin Baker,1994,2006,F,211,232,1971-11-23,University of Hartford
baldwpa01,Patrick Baldwin Jr.,2023,2023,G-F,206,220,2002-11-18,UW-Milwaukee
baldwwa01,Wade Baldwin,2017,2019,G,193,200,1996-03-29,Vanderbilt
balkmre01,Renaldo Balkman,2007,2012,F,203,208,1984-07-14,South Carolina
ballce01,Cedric Ball,1991,1991,F,203,210,1968-04-16,UNC Charlotte
ballla01,LaMelo Ball,2021,2023,G,201,180,2001-08-22,
balllo01,Lonzo Ball,2018,2022,G,198,190,1997-10-27,UCLA
ballagr01,Greg Ballard,1978,1989,F,201,215,1955-01-29,Oregon
baltihe01,Herschel Baltimore,1947,1947,F,193,195,1921-06-21,Penn State
bambamo01,Mo Bamba,2019,2023,C,213,231,1998-05-12,Texas
banchpa01,Paolo Banchero,2023,2023,F,208,250,2002-11-12,Duke
banede01,Desmond Bane,2021,2023,G,196,215,1998-06-25,TCU
banksge01,Gene Banks,1982,1987,F-G,201,215,1959-05-15,Duke
banksma01,Marcus Banks,2004,2011,G,188,200,1981-11-19,UNLV
bankswa01,Walker Banks,1971,1971,C,208,205,1947-08-26,Western Kentucky
bannike01,Ken Bannister,1985,1991,F-C,206,235,1960-04-01,"Indiana State University, Saint Augustine's College"
bantomi01,Mike Bantom,1974,1982,F-C,206,200,1951-12-03,Saint Joseph's
bantoda01,Dalano Banton,2022,2023,G-F,206,204,1999-11-07,Nebraska
barbeca01,Cat Barber,2022,2022,G,188,190,1994-07-25,NC State
barbejo01,John Barber,1957,1957,F,198,210,1927-06-27,"California State University, Los Angeles"
barbole01,Leandro Barbosa,2004,2017,G,190,194,1982-11-28,
bardost01,Steve Bardo,1992,1996,G,196,190,1968-04-05,Illinois
bareajo01,J.J. Barea,2007,2020,G,178,180,1984-06-26,Northeastern University
bargnan01,Andrea Bargnani,2007,2016,F-C,213,245,1985-10-26,
barkecl01,Cliff Barker,1950,1952,G,188,185,1921-01-15,Kentucky
barketo01,Tom Barker,1977,1979,C-F,211,225,1955-03-11,"Minnesota, College of Southern Idaho, Hawaii"
barklch01,Charles Barkley,1985,2000,F,198,252,1963-02-20,Auburn
barkler01,Erick Barkley,2001,2002,G,185,177,1978-02-21,St. John's
barksdo01,Don Barksdale,1952,1955,F-C,198,200,1923-03-31,UCLA
barlodo01,Dominick Barlow,2023,2023,F,206,221,2003-05-26,
barneha02,Harrison Barnes,2013,2023,F,203,225,1992-05-30,UNC
barneha01,Harry Barnes,1969,1969,F,190,205,1945-07-25,Northeastern University
barneji01,Jim Barnes,1965,1971,C-F,203,210,1941-04-13,Texas-El Paso
barnema01,Marvin Barnes,1975,1980,F-C,203,210,1952-07-27,Providence
barnema02,Matt Barnes,2004,2017,F,201,226,1980-03-09,UCLA
barnesc01,Scottie Barnes,2022,2023,G-F,206,227,2001-08-01,Florida State
barnedi01,Dick Barnett,1960,1974,G-F,193,190,1936-10-02,Tennessee State
barneji02,Jim Barnett,1967,1977,G-F,193,170,1944-07-07,Oregon
barnena01,Nate Barnett,1976,1976,G,190,175,1953-01-29,University of Akron
barnhjo01,John Barnhill,1963,1972,G,185,180,1938-03-20,Tennessee State
barnhno01,Norton Barnhill,1977,1977,G,193,205,1953-07-15,Washington State
barnhle01,Leo Barnhorst,1950,1954,F-G,193,190,1924-05-11,Notre Dame
barrjo01,John Barr,1947,1947,F,190,205,1918-08-18,Penn State
barrmi01,Mike Barr,1973,1977,G,190,180,1950-10-19,Duquesne
barrmo01,Moe Barr,1971,1971,G,193,195,1944-06-19,Duquesne
barrean01,Andre Barrett,2005,2008,G,178,172,1982-02-21,Seton Hall
barreer01,Ernie Barrett,1954,1956,G-F,190,180,1929-08-27,Kansas State
barremi01,Mike Barrett,1970,1973,G,188,155,1943-09-05,West Virginia Tech
barrerj01,RJ Barrett,2020,2023,G-F,198,214,2000-06-14,Duke
barroea01,Earl Barron,2006,2015,C,213,250,1981-08-14,Memphis
barroda01,Dana Barros,1990,2004,G,180,163,1967-04-13,Boston College
barrybr01,Brent Barry,1996,2009,G,198,185,1971-12-31,Oregon State
barrydr01,Drew Barry,1998,2000,G,196,191,1973-02-17,Georgia Tech
barryjo01,Jon Barry,1993,2006,G,193,195,1969-07-25,"University of the Pacific, Georgia Tech"
barryri01,Rick Barry,1966,1980,F,201,205,1944-03-28,Miami (FL)
barteed01,Ed Bartels,1950,1951,F,196,195,1925-10-08,NC State
bartovi01,Vic Bartolome,1972,1972,C,213,230,1948-09-29,Oregon State
bartowi01,Will Barton,2013,2023,G,198,181,1991-01-06,Memphis
basdeed01,Eddie Basden,2006,2006,G,196,215,1983-02-15,UNC Charlotte
baskeje01,Jerry Baskerville,1976,1976,F,201,190,1951-11-10,Temple
bassbr01,Brandon Bass,2006,2017,F,203,250,1985-04-30,LSU
basspa01,Paris Bass,2022,2022,F,203,200,1995-08-29,Detroit Mercy
basseti01,Tim Bassett,1974,1980,F-C,203,225,1951-04-01,"College of Southern Idaho, Georgia"
bassech01,Charles Bassey,2022,2023,C,211,235,2000-10-28,Western Kentucky
bastoma01,Maceo Baston,2003,2009,F,206,215,1975-05-29,Michigan
bateeme01,Mengke Bateer,2002,2004,C,211,290,1975-11-20,
batesbi01,Billy Ray Bates,1980,1983,G,193,210,1956-05-31,Kentucky State University
bateske01,Keita Bates-Diop,2019,2023,F,203,229,1996-01-23,Ohio State
batises01,Esteban Batista,2006,2007,F-C,208,270,1983-09-02,
batismi01,Mike Batiste,2003,2003,F,203,225,1977-11-21,Arizona State
battito01,Tony Battie,1998,2012,C-F,211,230,1976-02-11,Texas Tech
battish01,Shane Battier,2002,2014,F,203,220,1978-09-09,Duke
battljo01,John Battle,1986,1995,G,188,175,1962-11-09,Rutgers University
battlke01,Kenny Battle,1990,1993,F,198,210,1964-10-10,"Northern Illinois, Illinois"
battoda01,Dave Batton,1983,1984,C,208,240,1956-03-26,Notre Dame
battsll01,Lloyd Batts,1975,1975,G-F,193,185,1951-05-09,Cincinnati
batumni01,Nicolas Batum,2009,2023,F-G,203,230,1988-12-14,
baumjo01,Johnny Baum,1970,1974,F,196,200,1946-06-17,"Peirce College, Temple"
baumhfr01,Frankie Baumholtz,1947,1947,G,178,170,1918-10-07,Ohio University
baxtelo01,Lonny Baxter,2003,2006,F,203,260,1979-01-27,Maryland
bayleje01,Jerryd Bayless,2009,2019,G,190,200,1988-08-20,Arizona
bayloel01,Elgin Baylor,1959,1972,F,196,225,1934-09-16,"College of Idaho, Seattle University"
bayneho01,Howard Bayne,1968,1968,F,198,235,1942-07-28,Tennessee
baynear01,Aron Baynes,2013,2021,C,208,260,1986-12-09,Washington State
bazarse01,Sergei Bazarevich,1995,1995,G,188,168,1965-03-16,
bazemke01,Kent Bazemore,2013,2022,G-F,193,195,1989-07-01,Old Dominion
bazleda01,Darius Bazley,2020,2023,F,203,208,2000-06-12,
beached01,Ed Beach,1951,1951,F,190,200,1929-01-25,West Virginia
bealbr01,Bradley Beal,2013,2023,G,193,207,1993-06-28,Florida
beardal01,Al Beard,1968,1968,C,206,200,1942-04-27,Norfolk State
beardbu01,Butch Beard,1970,1979,G,190,185,1947-05-04,Louisville
beardra01,Ralph Beard,1950,1951,G,178,175,1927-12-02,Kentucky
beaslch01,Charlie Beasley,1968,1971,G-F,196,190,1945-09-23,SMU
beaslje01,Jerome Beasley,2004,2004,F,208,237,1980-05-17,"Midland College, University of North Dakota"
beasljo01,John Beasley,1968,1974,F-C,206,225,1944-02-05,Texas A&M
beaslma01,Malik Beasley,2017,2023,G,193,187,1996-11-26,Florida State
beaslmi01,Michael Beasley,2009,2019,F,206,235,1989-01-09,Kansas State
beatyze01,Zelmo Beaty,1963,1975,C,206,225,1939-10-25,Prairie View A&M University
beaubro01,Rodrigue Beaubois,2010,2013,G,183,170,1988-02-24,
beaucma01,MarJon Beauchamp,2023,2023,G,198,199,2000-10-12,Yakima Valley Community College
beckby01,Byron Beck,1968,1977,C-F,206,225,1945-01-25,"Columbia Basin College, Denver"
beckco01,Corey Beck,1996,1999,G,185,190,1971-05-27,"South Plains College, Arkansas"
becker01,Ernie Beck,1954,1961,G-F,193,190,1931-12-11,Penn
beckear01,Art Becker,1968,1973,F,201,205,1942-01-12,Arizona State
beckemo01,Moe Becker,1947,1947,G-F,185,185,1917-02-24,Duquesne
bedelbo01,Bob Bedell,1968,1971,F,201,205,1944-06-26,Stanford
bedfowi01,William Bedford,1987,1993,C,213,225,1963-12-14,Memphis
beendha01,Hank Beenders,1947,1949,C-F,198,185,1916-06-02,Long Island University
behagro01,Ron Behagen,1974,1980,F-C,206,185,1951-01-14,Minnesota
behnkel01,Elmer Behnke,1952,1952,C,201,210,1929-02-03,Bradley
belinma01,Marco Belinelli,2008,2020,G-F,196,220,1986-03-25,
bellch01,Charlie Bell,2002,2011,G,190,200,1979-03-12,Michigan State
bellde01,Dennis Bell,1974,1976,F,196,185,1951-06-02,Drake University
belljo01,Jordan Bell,2018,2022,F,203,216,1995-01-07,Oregon
bellra01,Raja Bell,2001,2012,G,196,204,1976-09-19,"Boston University, Florida International University"
belltr01,Troy Bell,2004,2004,G,185,180,1980-11-10,Boston College
bellwh01,Whitey Bell,1960,1961,G,183,180,1932-09-13,NC State
bellawa01,Walt Bellamy,1962,1975,C,211,225,1939-07-24,Indiana
bembrde01,DeAndre' Bembry,2017,2022,F,196,210,1994-07-04,Saint Joseph's
bemorir01,Irv Bemoras,1954,1957,F-G,190,185,1930-11-18,Illinois
benbole01,Leon Benbow,1975,1976,G,193,185,1950-07-23,Jacksonville University
bendedr01,Dragan Bender,2017,2020,F,213,225,1997-11-17,
bendejo01,Jonathan Bender,2000,2010,F,211,202,1981-01-30,
benimje01,Jerrelle Benimon,2015,2015,F,203,245,1991-08-01,"Georgetown, Towson University"
benjabe01,Benoit Benjamin,1986,2000,C,213,250,1964-11-22,Creighton
benjaco01,Corey Benjamin,1999,2003,G,198,200,1978-02-24,Oregon State
bennean01,Anthony Bennett,2014,2017,F,203,245,1993-03-14,UNLV
benneel01,Elmer Bennett,1995,1997,G,183,170,1970-02-13,Notre Dame
bennema01,Mario Bennett,1996,2000,F,198,235,1973-08-01,Arizona State
benneme01,Mel Bennett,1976,1982,F,201,200,1955-01-04,Pitt
bennesp01,Spider Bennett,1969,1969,G,190,190,1943-08-04,Winston-Salem State
benneto01,Tony Bennett,1993,1995,G,183,175,1969-06-01,Green Bay
bennewi01,Winston Bennett,1990,1992,F,201,210,1965-02-09,Kentucky
benoida01,David Benoit,1992,2001,F,203,220,1968-05-09,Alabama
bensoke02,Keith Benson,2012,2012,C,211,240,1988-08-13,Oakland
bensoke01,Kent Benson,1978,1988,C,208,235,1954-12-27,Indiana
bentibe01,Ben Bentil,2017,2017,F,206,235,1995-03-29,Providence
bercege01,Gene Berce,1950,1950,G-F,180,175,1926-11-22,Marquette
bergega01,Gary Bergen,1957,1957,C,203,210,1932-07-16,Utah
berghla01,Larry Bergh,1970,1970,F,203,210,1945-04-02,Weber State
berryri01,Ricky Berry,1989,1989,F,203,205,1964-10-06,"Oregon State, San Jose State"
berrywa01,Walter Berry,1987,1989,F,203,215,1964-05-14,St. John's
bertada02,Dairis Bertāns,2019,2019,G,193,200,1989-09-09,
bertada01,Dāvis Bertāns,2017,2023,F,208,225,1992-11-12,
beshode01,Del Beshore,1979,1980,G,180,165,1956-11-29,California University of Pennslyvania
besttr01,Travis Best,1996,2005,G,180,182,1972-07-12,Georgia Tech
beverpa01,Patrick Beverley,2013,2023,G,185,180,1988-07-12,Arkansas
beysa01,Saddiq Bey,2021,2023,F,201,215,1999-04-09,Villanova
beyty01,Tyler Bey,2021,2021,F,201,215,1998-02-10,Colorado
bhullsi01,Sim Bhullar,2015,2015,C,226,360,1992-12-02,New Mexico State
bialowe01,Wes Bialosuknia,1968,1968,G,188,185,1945-06-08,UConn
biancal01,Al Bianchi,1957,1966,G,190,185,1932-03-26,Bowling Green
biasaha01,Hank Biasatti,1947,1947,G,180,175,1922-01-14,Assumption University
bibbyhe01,Henry Bibby,1973,1981,G,185,185,1949-11-24,UCLA
bibbymi01,Mike Bibby,1999,2012,G,185,190,1978-05-13,Arizona
biedeed01,Ed Biedenbach,1969,1969,G,185,175,1945-08-12,NC State
biedran01,Andris Biedriņš,2005,2014,C,211,240,1986-04-02,
bielkdo01,Don Bielke,1956,1956,C,201,240,1932-05-10,Valparaiso
bigelbo01,Bob Bigelow,1976,1979,F-G,201,215,1953-12-26,Penn
billili01,Lionel Billingy,1975,1975,F-C,206,215,1952-08-31,Duquesne
billuch01,Chauncey Billups,1998,2014,G,190,202,1976-09-25,Colorado
bingda01,Dave Bing,1967,1978,G,190,180,1943-11-24,Syracuse
biniojo01,Joe Binion,1987,1987,F,203,235,1961-03-26,North Carolina A&T
birchkh01,Khem Birch,2018,2023,C-F,206,233,1992-09-28,"Pitt, UNLV"
birdja01,Jabari Bird,2018,2018,G,198,198,1994-07-03,California
birdje01,Jerry Bird,1959,1959,F,198,210,1935-02-02,Kentucky
birdla01,Larry Bird,1980,1992,F,206,220,1956-12-07,Indiana State University
birdsot01,Otis Birdsong,1978,1989,G,190,190,1955-12-09,Houston
bishoga01,Gale Bishop,1949,1949,F,190,195,1922-06-04,Washington State
bitadgo01,Goga Bitadze,2020,2023,C,211,250,1999-07-20,
biyombi01,Bismack Biyombo,2012,2023,C-F,203,255,1992-08-28,
bjeline01,Nemanja Bjelica,2016,2022,F,208,234,1988-05-09,
blabuw01,Uwe Blab,1986,1990,C,216,252,1962-03-26,Indiana
blackch01,Charlie Black,1949,1952,F-C,196,200,1921-06-15,Kansas
blackno01,Norman Black,1981,1981,G,196,185,1957-11-12,Saint Joseph's
blackta01,Tarik Black,2015,2018,C-F,206,250,1991-11-22,"Memphis, Kansas"
blackto01,Tom Black,1971,1971,C,208,220,1941-07-09,South Dakota State
blackro01,Rolando Blackman,1982,1994,G,198,190,1959-02-26,Kansas State
blackal01,Alex Blackwell,1993,1993,F,198,250,1970-06-27,Monmouth University
blackco01,Cory Blackwell,1985,1985,F,198,210,1963-03-27,Wisconsin
blackja01,James Blackwell,1995,1995,G,183,190,1968-02-25,Dartmouth College
blackna01,Nate Blackwell,1988,1988,G,193,170,1965-02-15,Temple
blairde01,DeJuan Blair,2010,2016,F-C,201,270,1989-04-22,Pitt
blakest01,Steve Blake,2004,2016,G,190,172,1980-02-26,Maryland
blakean01,Antonio Blakeney,2018,2019,G,193,192,1996-10-04,LSU
blalowi01,Will Blalock,2007,2007,G,183,205,1983-09-08,Iowa State
blanege01,George Blaney,1962,1962,G,185,175,1939-11-12,Holy Cross
blankla01,Lance Blanks,1991,1993,G,193,190,1966-09-09,"Virginia, Texas"
blantri01,Ricky Blanton,1993,1993,F,201,215,1966-04-21,LSU
blatcan01,Andray Blatche,2006,2014,F,211,235,1986-08-22,
blaylmo01,Mookie Blaylock,1990,2002,G,183,180,1967-03-20,"Midland College, Oklahoma"
bledser01,Eric Bledsoe,2011,2022,G,185,214,1989-12-09,Kentucky
blevike01,Keljin Blevins,2021,2022,F,193,200,1995-11-24,"Southern Miss, Montana State"
blevile01,Leon Blevins,1951,1951,G,188,160,1926-06-25,Arizona
blockjo01,John Block,1967,1976,F-C,206,207,1944-04-16,USC
bloommi01,Mike Bloom,1948,1949,F-C,198,190,1915-01-14,Temple
blossja01,Jaron Blossomgame,2019,2019,F,203,220,1993-09-16,Clemson
blounco01,Corie Blount,1994,2004,F,206,240,1969-01-04,Cincinnati
blounma01,Mark Blount,2001,2009,C,213,230,1975-11-30,Pitt
blueva01,Vander Blue,2014,2018,G,193,200,1992-07-17,Marquette
blumera01,Ray Blume,1982,1982,G,193,185,1958-09-23,Oregon State
bobbne01,Nelson Bobb,1950,1953,G,183,170,1924-02-25,Temple
bobbito01,Tony Bobbitt,2005,2005,G,193,190,1979-10-22,Cincinnati
bockhbu01,Bucky Bockhorn,1959,1965,G,193,200,1933-07-08,Dayton
boehebu01,Buddy Boeheim,2023,2023,G,198,205,1999-11-11,Syracuse
boerwto01,Tom Boerwinkle,1969,1978,C,213,265,1945-08-23,Tennessee
boganke01,Keith Bogans,2004,2014,G-F,196,215,1980-05-12,Kentucky
bogdabo01,Bogdan Bogdanović,2018,2023,G,198,220,1992-08-18,
bogdabo02,Bojan Bogdanović,2015,2023,G-F,201,226,1989-04-18,
boguemu01,Muggsy Bogues,1988,2001,G,160,136,1965-01-09,Wake Forest
bogutan01,Andrew Bogut,2006,2019,C,213,260,1984-11-28,Utah
bohanet01,Etdrick Bohannon,1998,2001,F,206,220,1973-05-29,"Arizona, Tennessee, Auburn University at Montgomery"
bolbo01,Bol Bol,2020,2023,F-C,218,220,1999-11-16,Oregon
bolma01,Manute Bol,1986,1995,C,231,200,1962-10-16,University of Bridgeport
boldejo01,Jonah Bolden,2019,2020,F,203,220,1996-01-02,UCLA
boldema01,Marques Bolden,2020,2021,C,208,249,1998-04-17,Duke
bolgebi01,Bill Bolger,1954,1954,F,196,205,1931-08-21,Georgetown
bolmale01,Leandro Bolmaro,2022,2023,F,198,200,2000-09-11,
bolomjo01,Joel Bolomboy,2017,2018,F,206,235,1994-01-28,Weber State
bolstdo01,Doug Bolstorff,1958,1958,G,193,195,1931-10-29,Minnesota
bonsage01,George Bon Salle,1962,1962,F,203,220,1935-07-01,Illinois
bondph01,Phil Bond,1978,1978,G,188,175,1954-07-27,Louisville
bondwa01,Walter Bond,1993,1995,G,196,200,1969-02-01,Minnesota
bonejo01,Jordan Bone,2020,2021,G,188,180,1997-11-05,Tennessee
boneyde01,Dexter Boney,1997,1997,G,193,185,1970-04-27,UNLV
bongais01,Isaac Bonga,2019,2022,G,203,180,1999-11-08,
bonharo01,Ron Bonham,1965,1968,F,196,192,1942-05-31,Cincinnati
bonnean01,Anthony Bonner,1991,1996,F,203,215,1968-06-08,Saint Louis
bonnema01,Matt Bonner,2005,2016,F,208,235,1980-04-05,Florida
bookebu01,Butch Booker,1970,1970,C,208,230,1945-07-20,Cheyney (PA)
bookede01,Devin Booker,2016,2023,G,196,206,1996-10-30,Kentucky
bookeme01,Melvin Booker,1996,1997,G,188,185,1972-08-20,Missouri
booketr01,Trevor Booker,2011,2018,F,203,228,1987-11-25,Clemson
boonejo01,Josh Boone,2007,2010,F-C,208,237,1984-11-21,UConn
boonero01,Ron Boone,1969,1981,G-F,188,200,1946-09-06,"Iowa Western Community College, Clarinda Campus, Idaho State University"
boothca01,Calvin Booth,2000,2009,C,211,230,1976-05-07,Penn State
boothke01,Keith Booth,1998,1999,F,198,226,1974-10-09,Maryland
boozebo01,Bob Boozer,1961,1971,F,203,215,1937-04-26,Kansas State
boozeca01,Carlos Boozer,2003,2015,F-C,206,258,1981-11-20,Duke
borchcu01,Curtis Borchardt,2004,2005,C,213,240,1980-09-13,Stanford
bornhja01,Jake Bornheimer,1949,1950,F-C,196,200,1927-06-29,Muhlenberg College
borrela01,Lazaro Borrell,2000,2000,F,203,220,1972-09-20,
borsaik01,Ike Borsavage,1951,1951,C-F,203,220,1924-07-25,Temple
borylvi01,Vince Boryla,1950,1954,F,196,210,1927-03-11,Denver
boshch01,Chris Bosh,2004,2016,F-C,211,235,1984-03-24,Georgia Tech
bostiji01,Jim Bostic,1978,1978,F,201,225,1953-01-28,New Mexico State
bostobr01,Brandon Boston Jr.,2022,2023,G-F,201,185,2001-11-28,Kentucky
bostola01,Lawrence Boston,1980,1980,F,203,225,1956-05-18,"Vincennes University, Maryland"
bosweto01,Tom Boswell,1976,1984,F-C,206,220,1953-10-02,"South Carolina State, South Carolina"
bouchch01,Chris Boucher,2018,2023,F,206,200,1993-01-11,Oregon
bouknja01,James Bouknight,2022,2023,G,196,190,2000-09-18,UConn
boumtru01,Ruben Boumtje-Boumtje,2002,2004,C,213,257,1978-05-20,Georgetown
bouyeja01,Jamaree Bouyea,2023,2023,G,188,180,1999-06-27,San Francisco
bovendo01,Don Boven,1950,1953,F-G,193,210,1925-03-06,Western Michigan
bowdlca01,Cal Bowdler,2000,2002,F,208,245,1977-03-31,Old Dominion
bowenbr02,Brian Bowen,2020,2021,F,198,190,1998-10-02,
bowenbr01,Bruce Bowen,1997,2009,F,201,185,1971-06-14,Cal State Fullerton
bowenry01,Ryan Bowen,2000,2010,F,201,215,1975-11-20,Iowa
bowento01,Tommie Bowens,1968,1970,F-C,203,220,1940-07-07,Grambling State University
bowiean01,Anthony Bowie,1989,1998,G-F,198,190,1963-11-09,Oklahoma
bowiesa01,Sam Bowie,1985,1995,C-F,216,235,1961-03-17,Kentucky
bowlior01,Orb Bowling,1968,1968,C,208,215,1939-03-21,Tennessee
bowmair01,Ira Bowman,2000,2002,G,196,195,1973-06-11,"Providence, Penn"
bowmaky01,Ky Bowman,2020,2020,G,185,187,1997-06-16,Boston College
bowmana01,Nate Bowman,1967,1972,C,208,230,1943-03-19,Wichita State
boycedo01,Donnie Boyce,1996,1997,G,196,196,1973-09-02,Colorado
boydde01,Dennis Boyd,1979,1979,G,185,175,1954-05-21,Detroit Mercy
boydfr01,Freddie Boyd,1973,1978,G,188,180,1950-06-13,Oregon State
boydke01,Ken Boyd,1975,1975,F,196,195,1952-03-25,Boston University
boykiea01,Earl Boykins,1999,2012,G,165,135,1976-06-02,Eastern Michigan
boykoha01,Harry Boykoff,1950,1951,C,208,225,1922-07-24,St. John's
boynewi01,Winford Boynes,1979,1981,G-F,198,185,1957-05-17,San Francisco
bozemce01,Cedric Bozeman,2007,2007,G,198,207,1983-03-07,UCLA
bracest01,Steve Bracey,1973,1975,G,185,175,1950-08-01,Tulsa
brackcr01,Craig Brackins,2011,2012,F,208,230,1987-10-09,Iowa State
braddga01,Gary Bradds,1965,1971,F,203,210,1942-07-26,Ohio State
bradlal02,Alex Bradley,1982,1982,F,198,215,1959-10-30,Villanova
bradlal01,Alonzo Bradley,1978,1980,F,198,190,1953-10-16,Texas Southern
bradlav01,Avery Bradley,2011,2022,G,190,180,1990-11-26,Texas
bradlbi02,Bill Bradley,1968,1968,G,180,165,1941-06-16,Tennessee State
bradlbi01,Bill Bradley,1968,1977,F-G,196,205,1943-07-28,Princeton
bradlch01,Charles Bradley,1982,1984,G,196,215,1959-05-16,Wyoming
bradldu01,Dudley Bradley,1980,1989,G-F,198,195,1957-03-19,UNC
bradlji01,Jim Bradley,1974,1976,F,203,215,1952-03-16,Northern Illinois
bradljo01,Joe Bradley,1950,1950,G,190,175,1928-09-24,Oklahoma State
bradlmi01,Michael Bradley,2002,2006,F-C,208,245,1979-04-18,"Kentucky, Villanova"
bradlsh01,Shawn Bradley,1994,2005,C,229,235,1972-03-22,BYU
bradlto01,Tony Bradley,2018,2023,F-C,208,248,1998-01-08,UNC
bradtma01,Mark Bradtke,1997,1997,C-F,208,265,1968-09-27,
braggma01,Marques Bragg,1996,1996,F,203,230,1970-03-24,Providence
braggto01,Torraye Braggs,2004,2005,F,203,245,1976-05-15,Xavier
bramlaj01,A.J. Bramlett,2000,2000,C,208,227,1977-01-10,Arizona
brancad01,Adrian Branch,1987,1990,F-G,201,185,1963-11-17,Maryland
brandel01,Elton Brand,2000,2016,F-C,206,275,1979-03-11,Duke
brandte01,Terrell Brandon,1992,2002,G,180,180,1970-05-20,Oregon
branhma01,Malaki Branham,2023,2023,G,196,180,2003-05-12,Ohio State
brannbo01,Bob Brannum,1950,1955,F-C,196,215,1926-05-28,"Kentucky, Michigan State"
bransbr01,Brad Branson,1982,1983,C-F,208,220,1958-09-24,SMU
bransje01,Jesse Branson,1966,1968,F,201,195,1942-01-07,Elon University
brantja01,Jarrell Brantley,2020,2023,F,196,250,1996-06-07,College of Charleston
brascji01,Jim Brasco,1953,1953,G,185,170,1931-02-03,NYU
bratzmi01,Mike Bratz,1978,1986,G,188,185,1955-10-17,Stanford
braunca01,Carl Braun,1948,1962,G-F,196,180,1927-09-25,Colgate
braunch01,Christian Braun,2023,2023,G,201,218,2001-04-17,Kansas
brazdig01,Ignas Brazdeikis,2020,2022,F,198,221,1999-01-08,Michigan
breauti01,Tim Breaux,1995,1998,F,201,215,1970-09-19,Wyoming
bremejr01,J.R. Bremer,2003,2004,G,188,185,1980-09-19,St. Bonaventure
brennpe01,Pete Brennan,1959,1959,F,198,205,1936-09-23,UNC
brennto01,Tom Brennan,1955,1955,F,190,195,1930-08-06,Villanova
breuera01,Randy Breuer,1984,1994,C,221,230,1960-10-11,Minnesota
breweco01,Corey Brewer,2008,2020,F-G,206,186,1986-03-05,Florida
breweja01,Jamison Brewer,2002,2005,G,193,184,1980-11-19,Auburn
breweji01,Jim Brewer,1974,1982,F-C,206,210,1951-12-03,Minnesota
brewero01,Ron Brewer,1979,1986,G,193,180,1955-07-16,Arkansas
brewero02,Ronnie Brewer,2007,2014,G-F,201,220,1985-03-20,Arkansas
brezepr01,Primož Brezec,2002,2010,C,218,252,1979-10-02,
brianfr01,Frankie Brian,1950,1956,G,185,180,1923-05-01,LSU
brickfr01,Frank Brickowski,1985,1997,F-C,206,240,1959-08-14,Penn State
bridgju01,Junior Bridgeman,1976,1987,F-G,196,210,1953-09-17,Louisville
bridgbi01,Bill Bridges,1963,1975,F-C,198,228,1939-04-04,Kansas
bridgmi01,Mikal Bridges,2019,2023,F-G,198,209,1996-08-30,Villanova
bridgmi02,Miles Bridges,2019,2022,G-F,198,225,1998-03-21,Michigan State
brighal01,Al Brightman,1947,1947,F,188,195,1923-09-22,University of Charleston
brimaam01,Amida Brimah,2021,2021,C,208,230,1994-02-11,UConn
brindau01,Aud Brindley,1947,1947,F,193,175,1923-12-31,Dartmouth College
briscis01,Isaiah Briscoe,2019,2019,G,190,215,1996-04-13,Kentucky
briskjo01,John Brisker,1970,1975,F-G,196,210,1947-06-15,Toledo
brissos01,Oshae Brissett,2020,2023,F,201,210,1998-06-20,Syracuse
bristal01,Allan Bristow,1974,1983,F-G,201,210,1951-08-23,Virginia Tech
brittty01,Tyrone Britt,1968,1968,G,193,190,1944-04-18,Johnson C. Smith University
brittwa01,Wayman Britt,1978,1978,G,188,185,1952-08-31,Michigan
brittmi01,Mike Brittain,1986,1987,C,213,235,1963-06-21,South Carolina
brittda01,Dave Britton,1981,1981,G,193,180,1958-08-29,Texas A&M
brockjo01,Jon Brockman,2010,2012,F,201,255,1987-03-20,Washington
broekry01,Ryan Broekhoff,2019,2020,F,198,215,1990-08-23,Valparaiso
brogaji01,Jim Brogan,1982,1983,G,193,185,1958-02-24,West Virginia Wesleyan College
brogdma01,Malcolm Brogdon,2017,2023,G,196,229,1992-12-11,Virginia
brokaga01,Gary Brokaw,1975,1978,G,193,178,1954-01-11,Notre Dame
brookpr01,Price Brookfield,1949,1950,F-G,193,185,1920-05-11,West Texas A&M University
brookcl01,Clarence Brookins,1971,1971,F,193,190,,Temple
brookaa01,Aaron Brooks,2008,2018,G,183,161,1985-01-14,Oregon
brookar01,Armoni Brooks,2021,2022,G,190,195,1998-06-05,Houston
brookdi01,Dillon Brooks,2018,2023,F-G,201,225,1996-01-22,Oregon
brookke01,Kevin Brooks,1992,1994,F,198,200,1969-10-12,Louisiana
brookma01,MarShon Brooks,2012,2019,G-F,196,200,1989-01-26,Providence
brookmi01,Michael Brooks,1981,1988,F,201,220,1958-08-17,La Salle
brooksc01,Scott Brooks,1989,1998,G,180,165,1965-07-31,"TCU, University of California, Irvine"
brownan01,Andre Brown,2007,2009,F,206,245,1981-05-12,DePaul
brownan02,Anthony Brown,2016,2018,F-G,201,210,1992-10-10,Stanford
brownbo01,Bob Brown,1949,1950,F,193,205,1923-11-12,Miami University
brownbo02,Bobby Brown,2009,2018,G,188,175,1984-09-24,Cal State Fullerton
brownbr01,Bruce Brown,2019,2023,G-F,193,202,1996-08-15,Miami (FL)
brownch02,Charlie Brown Jr.,2020,2022,G,198,199,1997-02-02,Saint Joseph's
brownch05,Chaundee Brown Jr.,2022,2022,G-F,196,215,1998-12-04,"Wake Forest, Michigan"
brownch01,Chucky Brown,1990,2002,F,201,214,1968-02-29,NC State
brownda02,Damone Brown,2002,2005,F,206,200,1979-06-28,Syracuse
brownda01,Darrel Brown,1949,1949,F,188,175,1923-03-14,Humboldt State University
brownde01,Dee Brown,1991,2002,G,185,160,1968-11-29,Jacksonville University
brownde03,Dee Brown,2007,2009,G,183,185,1984-08-17,Illinois
brownde04,Derrick Brown,2010,2012,F,201,225,1987-09-08,Xavier
brownde02,Devin Brown,2003,2010,G,196,220,1978-12-30,Texas-San Antonio
browner01,Ernest Brown,2002,2002,C,213,244,1979-05-17,Indian Hills Community College
brownfr01,Fred Brown,1972,1984,G,190,182,1948-08-07,Iowa
brownge01,George Brown,1958,1958,F,198,190,1935-10-30,Wayne State University
brownge02,Gerald Brown,1999,1999,G,193,210,1975-07-28,Pepperdine
browngr01,Greg Brown III,2022,2023,F,206,205,2001-09-01,Texas
brownha01,Harold Brown,1947,1947,G,183,155,1923-10-02,University of Evansville
brownja01,Jabari Brown,2015,2015,G,193,215,1992-12-18,"Oregon, Missouri"
brownja02,Jaylen Brown,2017,2023,F-G,198,223,1996-10-24,California
brownjo01,John Brown,1974,1980,F,201,220,1951-12-14,Missouri
brownke01,Kedrick Brown,2002,2005,G,201,222,1981-03-18,Okaloosa-Walton Community College
brownke03,Kendall Brown,2023,2023,G-F,203,205,2003-05-11,Baylor
brownkw01,Kwame Brown,2002,2013,F,211,270,1982-03-10,
brownla01,Larry Brown,1968,1972,G,175,160,1940-09-14,UNC
brownle01,Leon Brown,1947,1947,F,190,190,1919-10-12,Wyoming
brownle02,Lewis Brown,1981,1981,C,211,225,1955-02-19,UNLV
brownlo01,Lorenzo Brown,2014,2019,G,196,189,1990-08-26,NC State
brownma01,Marcus Brown,1997,2000,G,190,185,1974-04-03,Murray State
brownma02,Markel Brown,2015,2018,G,190,190,1992-01-29,Oklahoma State
brownmi01,Mike Brown,1987,1997,C-F,206,257,1963-07-19,George Washington
brownmo01,Moses Brown,2020,2023,C,218,245,1999-10-13,UCLA
brownmy01,Myron Brown,1992,1992,G,190,180,1969-11-03,Slippery Rock University of Pennsylvania
brownpj01,P.J. Brown,1994,2008,F-C,211,225,1969-10-14,Louisiana Tech
brownra02,Randy Brown,1992,2003,G,188,190,1968-05-22,"Houston, New Mexico State"
brownra01,Raymond Brown,1990,1990,F,203,220,1965-07-05,"Mississippi State, Idaho"
brownri01,Rickey Brown,1981,1985,C-F,208,215,1958-08-20,Mississippi State
brownro01,Roger Brown,1968,1975,F-G,196,205,1942-05-22,Dayton
brownro02,Roger Brown,1973,1980,C,211,225,1950-02-23,Kansas
brownsh01,Shannon Brown,2007,2015,G,193,205,1985-11-29,Michigan State
brownst01,Stan Brown,1948,1952,F,190,200,1929-06-27,
brownst02,Sterling Brown,2018,2023,G,196,219,1995-02-10,SMU
brownti01,Tierre Brown,2002,2005,G,188,189,1979-06-03,McNeese State University
brownto01,Tony Brown,1985,1992,F-G,198,185,1960-07-29,Arkansas
browntr01,Troy Brown Jr.,2019,2023,G-F,198,215,1999-07-28,Oregon
brownji01,Jim Browne,1949,1950,C,208,235,1930-01-01,
brundst01,Stanley Brundy,1990,1990,F,198,210,1967-11-13,DePaul
brunkbr01,Brian Brunkhorst,1969,1969,F,198,208,1945-06-12,Marquette
brunsge01,George Bruns,1973,1973,G,183,160,1946-08-30,Manhattan College
brunsja01,Jalen Brunson,2019,2023,G,188,190,1996-08-31,Villanova
brunsri01,Rick Brunson,1998,2006,G,193,190,1972-06-14,Temple
brussni01,Nicolás Brussino,2017,2018,G-F,201,195,1993-03-02,
bryanel01,Elijah Bryant,2021,2021,G,196,210,1995-04-19,"Elon University, BYU"
bryanem01,Em Bryant,1965,1972,G,185,175,1938-11-04,DePaul
bryanjo01,Joe Bryant,1976,1983,F-C,206,185,1954-10-19,La Salle
bryanko01,Kobe Bryant,1997,2016,G-F,198,212,1978-08-23,
bryanma01,Mark Bryant,1989,2003,F-C,206,245,1965-04-25,Seton Hall
bryanth01,Thomas Bryant,2018,2023,C,208,248,1997-07-31,Indiana
bryanwa01,Wallace Bryant,1984,1986,C,213,245,1959-07-14,San Francisco
brynto01,Torgeir Bryn,1990,1990,C,206,250,1964-08-08,Texas State University
buccige01,George Bucci,1976,1976,G,190,200,1953-07-09,Manhattan College
buchash01,Shaq Buchanan,2022,2022,G,190,190,1997-01-30,"Northeast Mississippi Community College, Murray State"
buckhjo01,Joe Buckhalter,1962,1963,F,201,210,1937-08-01,Tennessee State
bucknst01,Steve Bucknall,1990,1990,G,198,215,1966-03-17,UNC
buckncl01,Cleveland Buckner,1962,1963,F-C,206,210,1938-08-17,Jackson State University
buckngr01,Greg Buckner,2000,2009,G,193,210,1976-09-16,Clemson
bucknqu01,Quinn Buckner,1977,1986,G,190,190,1954-08-20,Indiana
buddda01,Dave Budd,1961,1965,F,198,205,1938-10-28,Wake Forest
budinch01,Chase Budinger,2010,2016,F,201,209,1988-05-22,Arizona
budkowa01,Walt Budko,1949,1952,F-C,196,220,1925-07-30,Columbia University
buechju01,Jud Buechler,1991,2002,F-G,198,220,1968-06-19,Arizona
buforro01,Rodney Buford,2000,2005,G-F,196,189,1977-11-02,Creighton
bullama01,Matt Bullard,1991,2002,F,208,215,1967-06-05,"Colorado, Iowa"
bullore01,Reggie Bullock,2014,2023,G-F,198,205,1991-03-16,UNC
buncela01,Larry Bunce,1968,1969,C,213,240,1945-07-29,"Texas-El Paso, Riverside Community College, Utah State University"
bunchgr01,Greg Bunch,1979,1979,F,198,190,1956-05-15,Cal State Fullerton
buntdi01,Dick Bunt,1953,1953,G,183,170,1930-07-13,NYU
buntibi01,Bill Buntin,1966,1966,C-F,201,250,1942-05-05,Michigan
buntibi02,Bill Bunting,1970,1972,F-C,203,200,1947-08-26,UNC
burdeti01,Ticky Burden,1976,1978,G,188,185,1953-02-28,Utah
burkepa01,Pat Burke,2003,2007,C-F,211,250,1973-12-14,Auburn
burketr01,Trey Burke,2014,2022,G,183,185,1992-11-12,Michigan
burkmro01,Roger Burkman,1982,1982,G,196,175,1958-05-22,Louisville
burksal01,Alec Burks,2012,2023,G,198,214,1991-07-20,Colorado
burksan01,Antonio Burks,2005,2006,G,185,200,1980-02-25,Memphis
burleke01,Kevin Burleson,2006,2006,G,190,205,1979-09-04,Minnesota
burleto01,Tom Burleson,1975,1981,C,218,225,1952-02-24,NC State
burmaja01,Jack Burmaster,1950,1950,G,190,190,1926-12-23,Illinois
burnsda01,David Burns,1982,1982,G,188,180,1958-07-03,Saint Louis
burnsev01,Evers Burns,1994,1994,F,203,260,1971-08-24,Maryland
burnsji01,Jim Burns,1968,1968,G,190,195,1945-09-21,Northwestern
burresc01,Scott Burrell,1994,2001,G-F,201,218,1971-01-12,UConn
burriar01,Art Burris,1951,1952,F,196,220,1924-04-07,Tennessee
burroju01,Junior Burrough,1996,1996,F,203,242,1973-01-18,Virginia
burrobo01,Bob Burrow,1957,1958,C-F,201,228,1934-06-29,Kentucky
burtode02,Deonte Burton,2019,2023,G,193,240,1994-01-31,"Marquette, Iowa State"
burtoed01,Ed Burton,1962,1965,F,198,225,1939-08-13,Michigan State
burtowi01,Willie Burton,1991,1999,F-G,203,210,1968-05-26,Minnesota
burttst01,Steve Burtt,1985,1993,G,188,185,1962-11-05,Iona College
busedo01,Don Buse,1973,1985,G,193,190,1950-08-10,University of Evansville
bustida01,David Bustion,1973,1973,F,203,215,1949-08-30,"Northeastern Junior College, Denver"
butchdo01,Donnie Butcher,1962,1966,G,188,200,1936-02-08,Pikeville College
butleal01,Al Butler,1962,1965,G,188,175,1938-07-09,Niagara University
butleca01,Caron Butler,2003,2016,F,201,228,1980-03-13,UConn
butlegr01,Greg Butler,1989,1991,C,211,240,1966-03-11,Stanford
butleja01,Jackie Butler,2005,2007,F-C,208,250,1985-03-10,
butleja02,Jared Butler,2022,2023,G,190,195,2000-08-25,Baylor
butleji01,Jimmy Butler,2012,2023,F-G,201,230,1989-09-14,Marquette
butlejo01,John Butler,2023,2023,C,216,175,2002-12-04,Florida State
butlemi01,Mike Butler,1969,1972,G,188,170,1946-10-22,Memphis
butlemi02,Mitchell Butler,1994,2004,G-F,196,210,1970-12-15,UCLA
butlera01,Rasual Butler,2003,2016,F-G,201,215,1979-05-23,La Salle
buyckdw01,Dwight Buycks,2014,2018,G,190,190,1989-03-06,Marquette
byarsde01,Derrick Byars,2012,2012,F,201,220,1984-04-25,"Virginia, Vanderbilt"
bynuman01,Andrew Bynum,2006,2014,C,213,285,1987-10-27,
bynumwi01,Will Bynum,2006,2015,G,183,185,1983-01-04,"Arizona, Georgia Tech"
byrdwa01,Walt Byrd,1970,1970,F,201,205,,Temple
byrnema01,Marty Byrnes,1979,1983,F,201,215,1956-04-30,Syracuse
byrneto01,Tommy Byrnes,1947,1951,F-G,190,175,1923-02-19,Seton Hall
bytzumi01,Michael Bytzura,1947,1947,F,185,170,1922-06-18,Long Island University
