id,player,from,to,position,height,weight,birth_date,colleges
dantomi01,Mike D'Antoni,1974,1977,G,190,185,1951-05-08,Marshall
dabicmi01,Mike Dabich,1968,1968,C,213,242,1942-12-27,New Mexico State
dahleed01,Ed Dahler,1952,1952,F,196,190,1926-01-31,Duquesne
dailequ01,Quintin Dailey,1983,1992,G,190,180,1961-01-22,San Francisco
dalemsa01,Samuel Dalembert,2002,2015,C,211,255,1981-05-10,Seton Hall
dallmho01,Howie Dallmar,1947,1949,F,193,200,1922-05-24,Stanford
dampier01,Erick Dampier,1997,2012,C,211,265,1975-07-14,Mississippi State
dampilo01,Louie Dampier,1968,1979,G,183,170,1944-11-20,Kentucky
dandrbo01,Bob Dandridge,1970,1982,F-G,198,195,1947-11-15,Norfolk State
daniean01,Antonio Daniels,1998,2011,G,193,195,1975-03-19,Bowling Green
daniedy01,Dyson Daniels,2023,2023,G,203,199,2003-03-17,
danieer01,Erik Daniels,2005,2005,F,203,214,1982-04-01,Kentucky
daniell01,Lloyd Daniels,1993,1998,G,201,205,1967-09-04,Mount San Antonio College
daniema01,Marquis Daniels,2004,2013,G-F,198,200,1981-01-07,Auburn
danieme01,Mel Daniels,1968,1977,C,206,220,1944-07-20,"Southeastern Iowa Community College, West Burlington Campus, New Mexico"
danietr01,Troy Daniels,2014,2020,G,193,200,1991-07-15,VCU
danilsa01,Sasha Danilović,1996,1997,G,196,200,1970-02-26,
dantlad01,Adrian Dantley,1977,1991,F-G,196,208,1955-02-28,Notre Dame
darcepe01,Pete Darcey,1953,1953,C,201,217,1930-03-03,Oklahoma State
dardeji01,Jimmy Darden,1950,1950,G,185,170,1922-06-19,Denver
dardeol01,Ollie Darden,1968,1970,F-C,201,235,1944-07-28,Michigan
dareyi01,Yinka Dare,1995,1998,C,213,265,1972-10-10,George Washington
darkje01,Jesse Dark,1975,1975,G,196,210,1951-09-02,VCU
darlina01,Nate Darling,2021,2021,G,198,200,1998-08-30,"UAB, University of Delaware"
darneri01,Rick Darnell,1976,1976,C-F,208,215,1953-01-01,"Cypress College, Indiana State University, San Jose State"
darroji01,Jimmy Darrow,1962,1962,G,178,170,1937-09-25,Bowling Green
datomlu01,Gigi Datome,2014,2015,F,203,215,1987-11-27,
daughbr01,Brad Daugherty,1987,1994,C,213,245,1965-10-19,UNC
daughma01,Mack Daughtry,1971,1971,G,190,175,1946-07-20,Albany State University
davidko01,Kornél Dávid,1999,2001,F,206,235,1971-10-22,
davidje01,Jermareo Davidson,2008,2009,F,208,230,1984-11-15,Alabama
daviebo01,Bob Davies,1949,1955,G-F,185,175,1920-01-15,Seton Hall
daviebr01,Brandon Davies,2014,2015,F,208,240,1991-07-25,BYU
davisan02,Anthony Davis,2013,2023,F-C,208,253,1993-03-11,Kentucky
davisan01,Antonio Davis,1994,2006,F-C,206,215,1968-10-31,Texas-El Paso
davisau01,Aubrey Davis,1947,1947,G-F,188,175,1921-03-28,Oklahoma Baptist University
davisba01,Baron Davis,2000,2012,G,190,209,1979-04-13,UCLA
davisbe01,Ben Davis,1997,2000,F,206,240,1972-12-26,"Kansas, Arizona"
davisbi01,Bill Davis,1947,1947,F,190,215,1920-10-03,Notre Dame
davisbo01,Bob Davis,1973,1973,F,201,215,1950-04-02,Weber State
davisbr01,Brad Davis,1978,1992,G,190,180,1955-12-17,Maryland
davisbr02,Brian Davis,1994,1994,F-G,201,200,1970-06-21,Duke
davisch02,Charles Davis,1982,1990,F,201,215,1958-10-05,Vanderbilt
davisch01,Charlie Davis,1972,1974,G,188,160,1949-09-07,Wake Forest
davisda01,Dale Davis,1992,2007,F-C,211,230,1969-03-25,Clemson
davisde01,Deyonta Davis,2017,2019,C-F,211,237,1996-12-02,Michigan State
davisdw01,Dwight Davis,1973,1977,F,203,220,1949-10-28,Houston
davised01,Ed Davis,2011,2022,F,206,218,1989-06-05,UNC
davisem01,Emanual Davis,1997,2003,G,193,195,1968-08-27,Delaware State University
davisgl01,Glen Davis,2008,2015,F-C,206,289,1986-01-01,LSU
davisha01,Harry Davis,1979,1980,F,201,220,1956-01-27,Florida State
davishu01,Hubert Davis,1993,2004,G,196,183,1970-05-17,UNC
davisji01,Jim Davis,1968,1975,C-F,206,225,1941-12-18,Colorado
davisjo01,Johnny Davis,1977,1986,G,188,170,1955-10-21,Dayton
davisjo06,Johnny Davis,2023,2023,G,196,196,2002-02-27,Wisconsin
davisjo02,Josh Davis,2004,2012,F,203,235,1980-08-10,Wyoming
davisle01,Lee Davis,1969,1976,C-F,203,235,1945-10-11,NC Central
davisma01,Mark Davis,1989,1989,F-G,198,195,1963-06-08,Old Dominion
davisma02,Mark Davis,1996,2000,G-F,201,210,1973-04-26,"Howard College, Texas Tech"
davisme01,Mel Davis,1974,1977,F,198,220,1950-11-09,St. John's
davismi02,Mickey Davis,1972,1977,F-G,201,195,1950-06-16,Duquesne
davismi01,Mike Davis,1970,1973,G,190,185,1946-07-26,Virginia Union University
davismi03,Mike Davis,1983,1983,F,208,230,1956-08-02,Maryland
davismo01,Monti Davis,1981,1981,F,201,205,1958-07-26,Tennessee State
davispa01,Paul Davis,2007,2010,C,211,270,1984-07-21,Michigan State
davisra01,Ralph Davis,1961,1962,G,193,180,1938-09-07,Cincinnati
davisre01,Red Davis,1956,1956,C,201,220,1932-04-22,St. John's
davisri01,Ricky Davis,1999,2010,G,198,195,1979-09-23,Iowa
davisro01,Ron Davis,1977,1982,G-F,198,198,1954-05-01,Washington State
daviste02,Terence Davis,2020,2023,G,193,201,1997-05-16,Ole Miss
daviste01,Terry Davis,1990,2001,F-C,206,225,1967-06-17,Virginia Union University
davisty01,Tyler Davis,2019,2019,C,208,266,1997-05-22,Texas A&M
daviswa01,Walt Davis,1954,1958,C-F,203,205,1931-01-05,Texas A&M
daviswa03,Walter Davis,1978,1992,G-F,198,193,1954-09-09,UNC
daviswa02,Warren Davis,1968,1973,F-C,198,212,1943-06-30,North Carolina A&T
daviswi01,Willie Davis,1971,1971,C,203,234,1945-08-09,University of North Texas
davisjd01,JD Davison,2023,2023,G,190,195,2002-10-03,Alabama
dawkian01,Andre Dawkins,2015,2015,G,196,215,1991-09-19,Duke
dawkida01,Darryl Dawkins,1976,1989,C,211,251,1957-01-11,
dawkijo01,Johnny Dawkins,1987,1995,G,188,165,1963-09-28,Duke
dawkipa01,Paul Dawkins,1980,1980,F,196,190,1957-06-10,Northern Illinois
dawsobr01,Branden Dawson,2016,2016,F,198,225,1993-02-01,Michigan State
dawsoer01,Eric Dawson,2012,2012,F,206,250,1984-07-07,Midwestern State University
dawsoji01,Jimmy Dawson,1968,1968,G,183,175,1945-04-18,Illinois
dawsoto01,Tony Dawson,1991,1995,F,201,215,1967-08-25,Florida State
dayto01,Todd Day,1993,2001,G-F,198,188,1970-01-07,Arkansas
dayeau01,Austin Daye,2010,2015,F,211,220,1988-06-05,Gonzaga
dayeda01,Darren Daye,1984,1988,F-G,203,220,1960-11-30,UCLA
daysda01,Darius Days,2023,2023,F,201,245,1999-10-20,LSU
decolna01,Nando De Colo,2013,2014,G,196,200,1987-06-23,
deangbi01,Billy DeAngelis,1971,1971,G,185,180,1946-10-05,Saint Joseph's
debusda01,Dave DeBusschere,1963,1974,F-G,198,220,1940-10-16,Detroit Mercy
declean01,Andrew DeClercq,1996,2005,F-C,208,230,1973-02-01,Florida
delauja01,Javin DeLaurier,2022,2022,F,208,237,1998-04-07,Duke
delonna01,Nate DeLong,1952,1952,C,198,220,1926-01-05,Wisconsin-River Falls
deprejo01,Joe DePre,1971,1973,G,190,185,1947-12-19,St. John's
derozde01,DeMar DeRozan,2010,2023,G-F,198,220,1989-08-07,USC
dezonha01,Hank DeZonie,1951,1951,C-F,198,215,1922-02-12,Clark Atlanta University
deanegr01,Greg Deane,1980,1980,G,193,190,1957-12-06,Utah
deckga01,Gabriel Deck,2021,2022,F,203,232,1995-02-08,
dedmode01,Dewayne Dedmon,2014,2023,C,213,245,1989-08-12,USC
deedo01,Don Dee,1969,1969,F,203,210,1943-08-09,"Saint Louis, Saint Mary of the Plains College"
deesar01,Archie Dees,1959,1962,F-C,203,205,1936-02-22,Indiana
deherte01,Terry Dehere,1994,1999,G,188,190,1971-09-12,Seton Hall
dehnere01,Red Dehnert,1947,1947,F,190,175,1924-01-24,Columbia University
dejeabr01,Bryce Dejean-Jones,2016,2016,G,198,209,1992-08-21,"USC, UNLV, Iowa State"
dekkesa01,Sam Dekker,2016,2022,F,206,230,1994-05-06,Wisconsin
delnevi01,Vinny Del Negro,1989,2002,G,193,185,1966-08-09,NC State
delanma01,Malcolm Delaney,2017,2018,G,190,190,1989-03-11,Virginia Tech
delebi01,Bison Dele,1992,1999,F-C,206,235,1969-04-06,"Maryland, Arizona"
delfica01,Carlos Delfino,2005,2013,G,198,230,1982-08-29,
delgaan01,Ángel Delgado,2019,2019,C,208,245,1994-11-20,Seton Hall
delkto01,Tony Delk,1997,2006,G,185,189,1974-01-28,Kentucky
dellama01,Matthew Dellavedova,2014,2023,G,190,200,1990-09-08,Saint Mary's
dembofe01,Fennis Dembo,1989,1989,F,196,215,1966-01-24,Wyoming
demicla01,Larry Demic,1980,1982,F-C,206,225,1957-06-27,Arizona
dempsde01,Dell Demps,1994,1997,G,190,205,1970-02-12,University of the Pacific
dempsge01,George Dempsey,1955,1959,G,188,190,1929-07-19,King's College
denglu01,Luol Deng,2005,2019,F,206,237,1985-04-16,Duke
dennake01,Kenny Dennard,1982,1984,F,203,220,1958-10-18,Duke
dennibl01,Blaine Denning,1953,1953,G,188,175,1930-09-19,Lawrence Technological University
dentmju01,Justin Dentmon,2012,2013,G,180,185,1985-09-05,Washington
dentora01,Randy Denton,1972,1977,C,208,240,1949-02-18,Duke
derliro01,Rod Derline,1975,1976,G,183,175,1952-03-11,Seattle University
derrima01,Marcus Derrickson,2019,2019,F,201,249,1996-02-01,Georgetown
deutsda01,Dave Deutsch,1967,1967,G,185,170,1945-05-13,University of Rochester
devlico01,Corky Devlin,1956,1958,G,196,195,1931-12-21,George Washington
digreer01,Ernie DiGregorio,1974,1978,G,183,180,1951-01-15,Providence
divindo01,Donte DiVincenzo,2019,2023,G,193,203,1997-01-31,Villanova
diabamo01,Moussa Diabaté,2023,2023,F,211,210,2002-01-21,Michigan
diakima01,Mamadi Diakite,2021,2023,F,206,228,1997-01-21,Virginia
dialde01,Derrick Dial,2000,2004,G,193,184,1975-12-20,Eastern Michigan
diallch01,Cheick Diallo,2017,2022,F,203,219,1996-09-13,Kansas
diallha01,Hamidou Diallo,2019,2023,G,196,202,1998-07-31,Kentucky
diawbo01,Boris Diaw,2004,2017,F-C,203,250,1982-04-16,
diawaya01,Yakhouba Diawara,2007,2010,G-F,201,225,1982-08-29,Pepperdine
diazgu01,Guillermo Díaz,2008,2008,G,188,192,1985-03-04,Miami (FL)
dickada01,Dan Dickau,2003,2008,G,183,190,1978-09-16,"Washington, Gonzaga"
dickeka01,Kaniel Dickens,2004,2008,F,203,215,1978-07-21,"Tyler Junior College, Idaho"
dickehe01,Henry Dickerson,1976,1977,G,193,190,1951-11-27,University of Charleston
dickemi01,Michael Dickerson,1999,2003,G-F,196,190,1975-06-25,Arizona
dickecl01,Clyde Dickey,1975,1975,G,190,185,1951-12-14,"Cochise Community College, Boise State"
dickede01,Derrek Dickey,1974,1978,F,201,218,1951-03-20,Cincinnati
dickedi01,Dick Dickey,1952,1952,G,185,175,1926-10-26,NC State
dicksjo01,John Dickson,1968,1968,C,208,240,1945-11-18,Arkansas State University
dienetr01,Travis Diener,2006,2010,G,185,175,1982-03-01,Marquette
dienggo01,Gorgui Dieng,2014,2023,C,208,252,1990-01-18,Louisville
diengou01,Ousmane Dieng,2023,2023,F,208,216,2003-05-21,
dierkco01,Connie Dierking,1959,1971,C-F,206,222,1936-10-02,Cincinnati
dietrco01,Coby Dietrick,1971,1983,C-F,208,220,1948-07-23,San Jose State
dillcr01,Craig Dill,1968,1968,C,211,215,1944-12-17,Michigan
dilladw01,Dwaine Dillard,1976,1976,F,198,230,1949-03-09,Eastern Michigan
dillami01,Mickey Dillard,1982,1982,G,190,170,1958-10-15,Florida State
dillebo01,Bob Dille,1947,1947,F,190,190,1917-07-02,Valparaiso
dilloho01,Hook Dillon,1950,1950,F,190,180,1924-01-08,UNC
dinkiby01,Byron Dinkins,1990,1991,G,185,170,1967-06-15,UNC Charlotte
dinkija01,Jackie Dinkins,1972,1972,F,196,210,1950-01-22,Voorhees College
dinneha01,Harry Dinnel,1968,1968,F-G,193,200,1940-10-09,Pepperdine
dinwibi01,Bill Dinwiddie,1968,1972,F,201,220,1943-07-15,New Mexico Highlands University
dinwisp01,Spencer Dinwiddie,2015,2023,G,196,215,1993-04-06,Colorado
dioguik01,Ike Diogu,2006,2012,F,203,250,1983-09-11,Arizona State
diopde01,DeSagana Diop,2002,2013,C,213,300,1982-01-30,
dischte01,Terry Dischinger,1963,1973,F-G,201,189,1940-11-21,Purdue
diutefr01,Fred Diute,1955,1955,G,190,210,1929-01-09,St. Bonaventure
divacvl01,Vlade Divac,1990,2005,C,216,243,1968-02-03,
dixonju01,Juan Dixon,2003,2009,G,190,164,1978-10-09,Maryland
doddea01,Earl Dodd,1950,1950,F,196,175,1924-11-01,Truman State University
doleami01,Michael Doleac,1999,2008,C,211,262,1977-06-15,Utah
dolhojo01,Joe Dolhon,1950,1951,G,183,175,1927-07-09,NYU
dollbo01,Bob Doll,1947,1950,F-C,196,195,1919-08-10,Colorado
donalja01,James Donaldson,1981,1995,C,218,275,1957-08-16,Washington State
doncilu01,Luka Dončić,2019,2023,G-F,201,230,1999-02-28,
donhabo01,Bob Donham,1951,1954,G-F,188,190,1926-10-11,Ohio State
donovbi01,Billy Donovan,1988,1988,G,180,171,1965-05-30,Providence
donovha01,Harry Donovan,1950,1950,G,188,180,1926-09-10,Muhlenberg College
doolike01,Keyon Dooling,2001,2013,G,190,196,1980-05-08,Missouri
djordal01,Aleksandar Djordjevic,1997,1997,G,188,198,1967-08-26,
dorseja01,Jacky Dorsey,1978,1981,F,201,230,1954-12-18,Georgia
dorsejo01,Joey Dorsey,2009,2015,F,203,268,1983-12-16,Memphis
dorsero01,Ron Dorsey,1972,1972,F,193,200,1948-10-10,Tennessee State
dorsety01,Tyler Dorsey,2018,2023,G,196,183,1996-02-18,Oregon
dortlu01,Luguentz Dort,2020,2023,G,190,215,1999-04-19,Arizona State
dosunay01,Ayo Dosunmu,2022,2023,G,196,200,2000-01-17,Illinois
dotsoda01,Damyean Dotson,2018,2022,G,196,210,1994-05-06,"Oregon, Houston"
dotsode01,Devon Dotson,2021,2023,G,188,185,1999-08-02,Kansas
doubyqu01,Quincy Douby,2007,2009,G,190,175,1984-05-16,Rutgers University
douglbr01,Bruce Douglas,1987,1987,G,190,195,1964-04-09,Illinois
dougljo01,John Douglas,1982,1983,G,188,170,1956-06-12,Kansas
douglle01,Leon Douglas,1977,1983,C-F,208,230,1954-08-26,Alabama
douglsh01,Sherman Douglas,1990,2001,G,183,180,1966-09-15,Syracuse
douglto01,Toney Douglas,2010,2017,G,188,195,1986-03-16,"Auburn, Florida State"
douglch01,Chris Douglas-Roberts,2009,2015,G,201,200,1987-01-08,Memphis
doumbse01,Sekou Doumbouya,2020,2022,F,203,230,2000-12-23,
doveso01,Sonny Dove,1968,1972,F,201,198,1945-08-16,St. John's
doverje01,Jerry Dover,1972,1972,G,170,155,1949-10-16,LeMoyne-Owen College
dowdeza01,Zabian Dowdell,2011,2011,G,190,191,1984-09-10,Virginia Tech
downebi01,Bill Downey,1948,1948,C,198,210,1923-11-11,Marquette
downist01,Steve Downing,1974,1975,C,203,225,1950-09-09,Indiana
dowtije01,Jeff Dowtin,2022,2023,G,190,185,1997-05-10,Rhode Island
doyleda01,Danny Doyle,1963,1963,F,203,200,1940-02-06,Belmont Abbey College
doylemi01,Milton Doyle,2018,2018,G,193,185,1993-10-31,Loyola Chicago
doziepj01,PJ Dozier,2018,2023,G,198,205,1996-10-25,South Carolina
doziete01,Terry Dozier,1990,1990,F,206,210,1966-06-29,South Carolina
dragigo01,Goran Dragić,2009,2023,G,190,190,1986-05-06,
dragizo01,Zoran Dragić,2015,2015,G-F,196,200,1989-06-22,
dreilgr01,Greg Dreiling,1987,1997,C,216,250,1962-11-07,"Wichita State, Kansas"
drewbr01,Bryce Drew,1999,2004,G,188,185,1974-09-21,Valparaiso
drewjo01,John Drew,1975,1985,F-G,198,205,1954-09-30,Gardner-Webb University
drewla01,Larry Drew,1981,1991,G,185,170,1958-04-02,Missouri
drewla02,Larry Drew II,2015,2018,G,188,180,1990-03-05,"UNC, UCLA"
drexlcl01,Clyde Drexler,1984,1998,G,201,210,1962-06-22,Houston
driggna01,Nate Driggers,1997,1997,G,196,215,1973-10-12,University of Montevallo
driscte01,Terry Driscoll,1971,1975,F,201,215,1947-08-28,Boston College
drobnpr01,Predrag Drobnjak,2002,2005,C,211,270,1975-10-27,
drollra01,Ralph Drollinger,1981,1981,C,218,250,1954-04-20,UCLA
drumman01,Andre Drummond,2013,2023,C,208,279,1993-08-10,UConn
duvalde01,Dennis DuVal,1975,1976,G,190,175,1952-03-31,Syracuse
duartch01,Chris Duarte,2022,2023,G,198,190,1997-06-13,Oregon
duckedi01,Dick Duckett,1958,1958,G,185,185,1933-03-25,St. John's
duckwke01,Kevin Duckworth,1987,1997,C,213,275,1964-04-01,Eastern Illinois University
dudlech01,Charles Dudley,1973,1979,G,188,180,1950-03-05,Washington
dudlech02,Chris Dudley,1988,2003,C,211,235,1965-02-22,Yale
dudleja01,Jared Dudley,2008,2021,F-G,198,237,1985-07-10,Boston College
duerote01,Terry Duerod,1980,1983,G,188,180,1956-07-29,Detroit Mercy
duffybo01,Bob Duffy,1947,1947,F,193,175,1922-07-05,Tulane
duffybo02,Bob Duffy,1963,1965,G,190,185,1940-09-26,Colgate
duhonch01,Chris Duhon,2005,2013,G,185,185,1982-08-31,Duke
dukandu01,Duje Dukan,2016,2016,F,206,220,1991-12-04,Wisconsin
dukeda01,David Duke Jr.,2022,2023,G,196,205,1999-10-13,Providence
dukeswa01,Walter Dukes,1956,1963,C,213,220,1930-06-23,Seton Hall
dumarjo01,Joe Dumars,1986,1999,G,190,190,1963-05-24,McNeese State University
dumasri01,Rich Dumas,1969,1969,G,190,170,1944-04-21,Northeastern State University
dumasri02,Richard Dumas,1993,1996,F,201,200,1969-05-19,Oklahoma State
dumasto01,Tony Dumas,1995,1998,G,198,190,1972-08-25,Missouri-Kansas City
duncaan01,Andy Duncan,1949,1951,F-C,198,195,1922-04-17,William & Mary
duncati01,Tim Duncan,1998,2016,F-C,211,250,1976-04-25,Wake Forest
dunlemi01,Mike Dunleavy,1977,1990,G,190,180,1954-03-21,South Carolina
dunlemi02,Mike Dunleavy,2003,2017,F-G,206,230,1980-09-15,Duke
dunnkr01,Kris Dunn,2017,2023,G,190,205,1994-03-18,Providence
dunnpa01,Pat Dunn,1958,1958,G,188,170,1931-03-17,Utah State University
dunntr01,T.R. Dunn,1978,1991,G-F,193,192,1955-02-01,Alabama
duprero01,Ronald Dupree,2004,2011,F,201,209,1981-01-26,LSU
duranke01,Kevin Durant,2008,2023,F-G,208,240,1988-09-29,Texas
durenja01,Jalen Duren,2023,2023,C,208,250,2003-11-18,Memphis
durenjo01,John Duren,1981,1983,G,190,195,1958-10-30,Georgetown
durhaja01,Jarrett Durham,1972,1972,F,196,188,1949-08-22,Duquesne
durhapa01,Pat Durham,1993,1995,F,201,210,1967-03-10,Colorado State
durrade01,Devin Durrant,1985,1986,F,201,200,1960-10-20,BYU
durreke01,Ken Durrett,1972,1975,F,201,190,1948-12-08,La Salle
duvaltr01,Trevon Duval,2019,2019,G,188,189,1998-08-03,Duke
dwanja01,Jack Dwan,1949,1949,F-G,193,200,1921-05-03,Loyola Chicago
dykemcr01,Craig Dykema,1982,1982,F,203,190,1959-06-11,Cal State Long Beach
dykerge01,Gene Dyker,1954,1954,F,198,225,1930-02-17,DePaul
dysonje01,Jerome Dyson,2012,2012,G,190,180,1987-05-01,UConn
