id,player,from,to,position,height,weight,birth_date,colleges
hachiru01,Rui Hachimura,2020,2023,F,203,230,1998-02-08,Gonzaga
hackeru01,Rudy Hackett,1976,1977,F,206,210,1953-05-10,Syracuse
haddaha01,Hamed Haddadi,2009,2013,C,218,254,1985-05-19,
hadnoji01,Jim Hadnot,1968,1968,C-F,208,235,1940-01-15,Providence
haffnsc01,Scott Haffner,1990,1991,G,190,180,1966-02-02,"Illinois, University of Evansville"
hagancl01,Cliff Hagan,1957,1970,F-G,193,210,1931-12-09,Kentucky
hagangl01,Glenn Hagan,1982,1982,G,183,170,1955-06-25,St. Bonaventure
haganto01,Tom Hagan,1970,1971,G,190,185,1947-01-29,Vanderbilt
haganas01,Ashton Hagans,2021,2021,G,190,190,1999-07-08,Kentucky
hahnro01,Robert Hahn,1950,1950,C,208,240,1925-08-25,NC State
hairsal01,Al Hairston,1969,1970,G,185,170,1945-12-11,Bowling Green
hairsha01,Happy Hairston,1965,1975,F,201,225,1942-05-31,NYU
hairsli01,Lindsay Hairston,1976,1976,F-C,201,180,1951-12-08,Michigan State
hairsma01,Malik Hairston,2009,2010,G,198,220,1987-02-23,Oregon
hairspj02,P.J. Hairston,2015,2016,G-F,198,230,1992-12-24,UNC
haislma01,Marcus Haislip,2003,2010,F,208,230,1980-12-22,Tennessee
halbech01,Chick Halbert,1947,1951,C,206,225,1919-02-27,West Texas A&M University
halbrsw01,Swede Halbrook,1961,1962,C,221,235,1933-01-30,Oregon State
halebr01,Bruce Hale,1949,1951,G-F,185,170,1918-08-30,Santa Clara
haleha01,Hal Hale,1968,1968,G,185,180,1945-09-21,Utah State University
haleyja01,Jack Haley,1989,1998,C-F,208,240,1964-01-27,UCLA
halibty01,Tyrese Haliburton,2021,2023,G,196,185,2000-02-29,Iowa State
halimsh01,Shaler Halimon,1969,1973,G-F,196,199,1945-03-30,"Imperial Valley College, Utah State University"
hallde01,Devon Hall,2020,2020,G,188,215,1995-07-07,Virginia
halldo01,Donta Hall,2020,2021,F,206,232,1997-08-07,Alabama
halljo02,Jordan Hall,2023,2023,G-F,201,215,2002-01-14,Saint Joseph's
halljo01,Josh Hall,2021,2021,F,206,190,2000-10-08,
hallmi01,Mike Hall,2007,2007,F,203,230,1984-06-05,George Washington
hallty01,Tyler Hall,2022,2022,G,196,209,1997-03-25,Montana State
hallije01,Jeff Halliburton,1972,1973,G,196,193,1949-07-03,Drake University
hamda01,Darvin Ham,1997,2005,F,201,220,1973-07-23,Texas Tech
hamerst01,Steve Hamer,1997,1997,C,213,245,1973-11-13,Tennessee
hamilda01,Dale Hamilton,1950,1950,G-F,183,180,1919-08-16,Franklin College
hamilda02,Daniel Hamilton,2018,2019,G-F,201,195,1995-08-08,UConn
hamilde01,Dennis Hamilton,1968,1971,F,203,210,1944-05-08,Arizona State
hamiljo01,Joe Hamilton,1971,1976,G,178,160,1948-07-05,"Southwestern Christian College, University of North Texas"
hamiljo02,Jordan Hamilton,2012,2016,G-F,201,220,1990-10-06,Texas
hamilju01,Justin Hamilton,2014,2017,C,213,260,1990-04-01,"Iowa State, LSU"
hamilra01,Ralph Hamilton,1949,1949,G-F,185,188,1921-06-10,Indiana
hamilri01,Richard Hamilton,2000,2013,G-F,198,185,1978-02-14,UConn
hamilro01,Roy Hamilton,1980,1981,G,188,180,1957-07-20,UCLA
hamilst01,Steve Hamilton,1959,1960,F-C,198,190,1934-11-30,Morehead State University
hamilta01,Tang Hamilton,2002,2002,F,203,220,1978-05-26,Mississippi State
hamilth01,Thomas Hamilton,1996,2000,C,218,330,1975-04-03,Pitt
hamilze01,Zendon Hamilton,2001,2006,C-F,211,250,1975-04-27,St. John's
hammige01,Geert Hammink,1994,1996,C,213,262,1969-07-12,LSU
hammoju01,Julian Hammond,1968,1972,F,196,205,1943-05-27,Tulsa
hammoto01,Tom Hammonds,1990,2001,F,206,215,1967-03-27,Georgia Tech
hammoaj01,A.J. Hammons,2017,2017,C,213,260,1992-08-27,Purdue
hamoojo01,Joe Hamood,1968,1968,G,183,180,1943-09-07,Houston
hamptrj01,R.J. Hampton,2021,2023,G,193,175,2001-02-07,
hancoda01,Darrin Hancock,1995,1997,G-F,201,205,1971-11-03,Kansas
handlbe01,Ben Handlogten,2004,2005,C,208,240,1973-11-16,Western Michigan
hankice01,Cecil Hankins,1947,1948,G,185,175,1922-01-06,Oklahoma State
hankiph01,Phil Hankinson,1974,1975,F,203,195,1951-07-26,Penn
hannadu01,Dusty Hannahs,2019,2020,G,190,210,1993-09-02,"Texas Tech, Arkansas"
hannual01,Alex Hannum,1950,1957,F-C,201,210,1923-07-19,USC
hanrado01,Don Hanrahan,1953,1953,F,201,200,1929-02-06,Loyola Chicago
hansro01,Rollen Hans,1954,1955,G,188,210,1931-04-13,Long Island University
hansbbe01,Ben Hansbrough,2013,2013,G,190,203,1987-12-23,"Mississippi State, Notre Dame"
hansbty01,Tyler Hansbrough,2010,2016,F,206,250,1985-11-03,UNC
hansebo01,Bob Hansen,1984,1992,G,198,190,1961-01-18,Iowa
hansegl01,Glenn Hansen,1976,1978,G,193,205,1952-04-21,LSU
hansela01,Lars Hansen,1979,1979,C,208,225,1954-09-14,Washington
hansetr01,Travis Hansen,2004,2004,G,198,205,1978-04-15,"Utah Valley, BYU"
hansore01,Reggie Hanson,1998,1998,F,203,195,1968-10-06,Kentucky
hanzlbi01,Bill Hanzlik,1981,1990,G-F,201,185,1957-12-06,Notre Dame
haranlu01,Luke Harangody,2011,2012,F,203,246,1988-01-02,Notre Dame
hardaan01,Anfernee Hardaway,1994,2008,G-F,201,195,1971-07-18,Memphis
hardati01,Tim Hardaway,1990,2003,G,183,175,1966-09-01,Texas-El Paso
hardati02,Tim Hardaway Jr.,2014,2023,G,196,205,1992-03-16,Michigan
hardeja01,James Harden,2010,2023,G,196,220,1989-08-26,Arizona State
hardire01,Reggie Harding,1964,1968,C,213,249,1942-05-04,
hardnch01,Charlie Hardnett,1963,1965,F-C,203,225,1938-09-13,Grambling State University
hardyal01,Alan Hardy,1981,1982,F,201,195,1957-05-25,Michigan
hardyda01,Darrell Hardy,1968,1968,F,201,220,,Baylor
hardyja02,Jaden Hardy,2023,2023,G,193,198,2002-07-05,
hardyja01,James Hardy,1979,1982,F-C,203,220,1956-12-01,San Francisco
hargeir01,Ira Harge,1968,1973,C,206,225,1941-03-14,"Southeastern Iowa Community College, West Burlington Campus, New Mexico"
hargijo01,John Hargis,1950,1951,G-F,188,180,1920-08-20,Texas
harklma01,Maurice Harkless,2013,2022,F-G,201,220,1993-05-11,St. John's
harknje01,Jerry Harkness,1964,1969,G,188,175,1940-05-07,Loyola Chicago
harlisk01,Skip Harlicka,1969,1969,G,185,185,1946-10-14,South Carolina
harmoje01,Jerome Harmon,1995,1995,G,193,190,1969-02-06,Louisville
harpede01,Derek Harper,1984,1999,G,193,185,1961-10-13,Illinois
harpeja01,Jared Harper,2020,2022,G,178,175,1997-09-14,Auburn
harpeju01,Justin Harper,2012,2017,F,208,225,1989-08-30,Richmond
harpemi01,Mike Harper,1981,1982,C-F,208,195,1957-12-09,North Park University
harpero01,Ron Harper,1987,2001,G-F,198,185,1964-01-20,Miami University
harpero02,Ron Harper Jr.,2023,2023,G-F,198,245,2000-04-12,Rutgers University
harprma01,Matt Harpring,1999,2009,F,201,231,1976-05-31,Georgia Tech
harremo01,Montrezl Harrell,2016,2023,F-C,201,240,1994-01-26,Louisville
harrejo01,Josh Harrellson,2012,2014,C,208,275,1989-02-12,Kentucky
harriad01,Adam Harrington,2003,2003,G,196,200,1980-07-05,"NC State, Auburn"
harrial01,Al Harrington,1999,2014,F,206,230,1980-02-17,
harriju01,Junior Harrington,2003,2007,G,193,180,1980-10-02,Wingate University
harriot01,Othella Harrington,1997,2008,F-C,206,235,1974-01-31,Georgetown
harriar01,Art Harris,1969,1972,G,193,185,1947-01-13,Stanford
harribe01,Bernie Harris,1975,1975,F,208,200,1950-11-26,VCU
harribi01,Billy Harris,1975,1975,G,188,185,1951-11-12,Northern Illinois
harribo01,Bob Harris,1950,1954,F-C,201,195,1927-03-16,Oklahoma State
harrich01,Chris Harris,1956,1956,G,190,190,1933-08-11,Dayton
harride01,Devin Harris,2005,2019,G,190,185,1983-02-27,Wisconsin
harriel01,Elias Harris,2014,2014,F,203,239,1989-07-06,Gonzaga
harriga01,Gary Harris,2015,2023,G,193,210,1994-09-14,Michigan State
harrija01,Jalen Harris,2021,2021,G,196,195,1998-08-14,"Nevada, Louisiana Tech"
harrijo01,Joe Harris,2015,2023,G,198,220,1991-09-06,Virginia
harrike01,Kevon Harris,2023,2023,G,198,216,1997-06-24,Stephen F. Austin
harrilu01,Lucious Harris,1994,2005,G,196,190,1970-12-18,Cal State Long Beach
harrima01,Manny Harris,2011,2017,G,196,185,1989-09-21,Michigan
harrimi01,Mike Harris,2008,2014,F,198,240,1983-06-15,Rice University
harrist01,Steve Harris,1986,1990,G,196,195,1963-10-15,Tulsa
harrite01,Terrel Harris,2012,2013,G,196,190,1987-08-10,Oklahoma State
harrito02,Tobias Harris,2012,2023,F,203,226,1992-07-15,Tennessee
harrito01,Tony Harris,1991,1995,G,190,190,1967-05-13,"Lamar, New Orleans"
harriaa01,Aaron Harrison,2016,2018,G,198,210,1994-10-28,Kentucky
harrian01,Andrew Harrison,2017,2019,G,198,213,1994-10-28,Kentucky
harribo02,Bob Harrison,1950,1958,G,185,190,1927-08-12,Michigan
harrida01,David Harrison,2005,2008,C,213,280,1982-08-15,Colorado
harrish01,Shaquille Harrison,2018,2023,G,193,190,1993-10-06,Tulsa
hartja01,Jason Hart,2001,2010,G,190,185,1978-04-29,Syracuse
hartjo01,Josh Hart,2018,2023,G,196,215,1995-03-06,Villanova
harteis01,Isaiah Hartenstein,2019,2023,F,213,250,1998-05-05,
harvean01,Antonio Harvey,1994,2003,F-C,211,225,1970-07-06,"Southern Illinois, Georgia, Pfeiffer University"
harvedo01,Donnell Harvey,2001,2005,F,203,220,1980-08-26,Florida
haskisc01,Scott Haskin,1994,1994,C-F,211,250,1970-09-19,Oregon State
haskicl01,Clem Haskins,1968,1976,G,190,195,1943-07-11,Western Kentucky
hasleud01,Udonis Haslem,2004,2023,F-C,203,235,1980-06-09,Florida
hassetr01,Trenton Hassell,2002,2010,G,196,200,1979-03-04,Austin Peay State University
hassebi01,Billy Hassett,1950,1951,G,180,180,1921-10-21,Notre Dame
hassejo01,Joe Hassett,1978,1983,G,196,180,1955-09-11,Providence
hastisc01,Scott Hastings,1983,1993,F-C,208,235,1960-06-03,Arkansas
hastoki01,Kirk Haston,2002,2003,F,206,242,1979-03-10,Indiana
hattove01,Vern Hatton,1959,1962,G,190,195,1936-01-13,Kentucky
hausesa01,Sam Hauser,2022,2023,F,203,215,1997-12-08,"Marquette, Virginia"
havlijo01,John Havlicek,1963,1978,F-G,196,203,1940-04-08,Ohio State
hawessp01,Spencer Hawes,2008,2017,C-F,216,245,1988-04-28,Washington
hawesst01,Steve Hawes,1975,1984,C-F,206,220,1950-05-26,Washington
hawkiro01,Bubbles Hawkins,1976,1979,G,193,190,1954-06-30,Illinois State
hawkico01,Connie Hawkins,1968,1976,F-C,203,210,1942-07-17,Iowa
hawkihe01,Hersey Hawkins,1989,2001,G,190,190,1966-09-29,Bradley
hawkiju01,Juaquin Hawkins,2003,2003,G-F,201,220,1973-07-02,Cal State Long Beach
hawkima01,Marshall Hawkins,1950,1950,F,190,205,1924-08-03,Tennessee
hawkimi01,Michael Hawkins,1997,2001,G,183,178,1972-10-28,Xavier
hawkito01,Tom Hawkins,1960,1969,F,196,210,1936-12-22,Notre Dame
hawthna01,Nate Hawthorne,1974,1976,G,193,190,1950-01-15,Southern Illinois
hayesch01,Chuck Hayes,2006,2016,F-C,198,240,1983-06-11,Kentucky
hayesel01,Elvin Hayes,1969,1984,F-C,206,235,1945-11-17,Houston
hayesja01,Jarvis Hayes,2004,2010,F,201,220,1981-08-09,"Western Carolina University, Georgia"
hayesja02,Jaxson Hayes,2020,2023,F,211,220,2000-05-23,Texas
hayesji01,Jim Hayes,1971,1971,G,190,200,1948-02-18,Boston University
hayeski01,Killian Hayes,2021,2023,G,196,195,2001-07-27,
hayesni01,Nigel Hayes,2018,2018,F,203,254,1994-12-16,Wisconsin
hayesst01,Steve Hayes,1982,1986,C,213,205,1955-08-02,Idaho State University
haywago01,Gordon Hayward,2011,2023,F-G,201,225,1990-03-23,Butler
haywala01,Lazar Hayward,2011,2013,F,198,225,1986-11-26,Marquette
haywobr01,Brendan Haywood,2002,2015,C,213,268,1979-11-27,UNC
haywosp01,Spencer Haywood,1970,1983,F-C,203,225,1949-04-22,"Trinidad State Junior College, Detroit Mercy"
hazenjo01,John Hazen,1949,1949,G,188,172,1927-03-02,Indiana State University
abdulma01,Walt Hazzard,1965,1974,G,188,185,1942-04-15,UCLA
headlu01,Luther Head,2006,2011,G,190,185,1982-11-26,Illinois
healsh01,Shane Heal,1997,2004,G,183,180,1970-09-06,
heanebr01,Brian Heaney,1970,1970,G,188,180,1946-09-03,Acadia University
heardga01,Gar Heard,1971,1981,F,198,219,1948-05-03,Oklahoma
hearnre01,Reggie Hearn,2018,2018,G,196,210,1991-08-14,Northwestern
heddehe01,Herm Hedderick,1955,1955,G,196,170,1930-01-10,Canisius
heggsal01,Alvin Heggs,1996,1996,F,203,225,1967-12-12,Texas
heinsto01,Tom Heinsohn,1957,1965,F-C,201,218,1934-08-26,Holy Cross
hemridi01,Dick Hemric,1956,1957,F,198,220,1933-08-29,Wake Forest
hendeal01,Alan Henderson,1996,2007,F,206,235,1972-12-02,Indiana
hendece01,Cedric Henderson,1987,1987,F,203,210,1965-10-03,Georgia
hendece02,Cedric Henderson,1998,2002,F,201,215,1975-03-11,Memphis
hendeda01,Dave Henderson,1988,1988,G,196,195,1964-07-21,Duke
hendege01,Gerald Henderson,1980,1992,G,188,175,1956-01-16,VCU
hendege02,Gerald Henderson,2010,2017,G,196,215,1987-12-09,Duke
hendejr01,J.R. Henderson,1999,1999,F,203,226,1976-10-30,UCLA
hendeje01,Jerome Henderson,1986,1987,C-F,211,230,1959-10-05,New Mexico
hendeke01,Kevin Henderson,1987,1988,G,193,195,1964-03-22,Cal State Fullerton
hendeto01,Tom Henderson,1975,1983,G,190,190,1952-01-26,Hawaii
hendrma01,Mark Hendrickson,1997,2000,F,206,220,1974-06-23,Washington State
hennela01,Larry Hennessy,1956,1957,G,190,185,1929-05-20,Villanova
henrido01,Don Henriksen,1953,1955,F-C,201,225,1929-10-10,California
henryaa01,Aaron Henry,2022,2022,F,198,210,1999-08-30,Michigan State
henryal01,Al Henry,1971,1972,C,206,190,1949-02-09,Wisconsin
henrybi01,Bill Henry,1949,1950,C,206,215,1924-12-27,Rice University
henryca01,Carl Henry,1986,1986,G,198,205,1960-08-16,"Oklahoma City University, Kansas"
henryco01,Conner Henry,1987,1988,G,201,195,1963-07-21,UC Santa Barbara
henrymy01,Myke Henry,2018,2018,F,198,210,1992-12-23,DePaul
henrysk01,Skeeter Henry,1994,1994,G,201,190,1967-12-08,"Midland College, Oklahoma"
henryxa01,Xavier Henry,2011,2015,G,198,220,1991-03-15,Kansas
hensojo01,John Henson,2013,2020,C-F,206,219,1990-12-28,UNC
hensost01,Steve Henson,1991,1999,G,180,177,1968-02-02,Kansas State
hentzch01,Charlie Hentz,1971,1971,F,196,210,1947-09-13,University of Arkansas at Pine Bluff
hermabi01,Bill Herman,1950,1950,G,190,170,1924-05-17,Mount Union College
hermskl01,Kleggie Hermsen,1947,1953,C-F,206,225,1923-03-12,Minnesota
hernade01,Dewan Hernandez,2020,2020,F,208,235,1996-12-09,Miami (FL)
hernaju01,Juancho Hernangómez,2017,2023,F,206,214,1995-09-28,
hernawi01,Willy Hernangómez,2017,2023,C,211,250,1994-05-27,
herrech01,Chris Herren,2000,2001,G,188,197,1975-09-27,"Boston College, Fresno State"
herreca01,Carl Herrera,1992,1999,F,206,215,1966-12-14,"Jacksonville College, Houston"
herrmwa01,Walter Herrmann,2007,2009,F,206,225,1979-06-26,
herroty01,Tyler Herro,2020,2023,G,196,195,2000-01-20,Kentucky
herroke01,Keith Herron,1979,1982,G-F,198,195,1956-06-14,Villanova
hertzso01,Sonny Hertzberg,1947,1951,G,178,175,1922-07-29,City College of New York
herveke01,Kevin Hervey,2020,2020,F,206,230,1996-07-09,UT Arlington
hesteda01,Dan Hester,1971,1971,F,203,210,1948-11-08,", LSU"
hetzefr01,Fred Hetzel,1966,1971,F-C,203,220,1942-07-21,Davidson
hewitbi01,Bill Hewitt,1969,1975,F,201,210,1944-08-08,USC
hewsoja01,Jack Hewson,1948,1948,F-C,198,195,1924-09-07,Temple
heymaar01,Art Heyman,1964,1970,F-G,196,205,1941-06-24,Duke
hezonma01,Mario Hezonja,2016,2020,F-G,203,220,1995-02-25,
hibbero01,Roy Hibbert,2009,2017,C,218,270,1986-12-11,Georgetown
hickena01,Nat Hickey,1948,1948,G-F,180,180,1902-01-30,
hicksis01,Isaiah Hicks,2018,2019,F,206,230,1994-07-24,UNC
hicksph01,Phil Hicks,1977,1979,F,201,205,1953-01-31,Tulane
hicksjj01,J.J. Hickson,2009,2016,F-C,206,242,1988-09-04,NC State
hieldbu01,Buddy Hield,2017,2023,G-F,193,220,1992-12-17,Oklahoma
higgibi01,Bill Higgins,1975,1975,G,188,180,1952-12-15,Ashland University
higgico01,Cory Higgins,2012,2013,G,196,180,1989-06-14,Colorado
higgiea01,Earle Higgins,1971,1971,F,203,195,1946-12-30,", Eastern Michigan"
higgimi01,Mike Higgins,1990,1991,F,206,220,1967-02-17,University of Northern Colorado
higgiro01,Rod Higgins,1983,1995,F,201,200,1960-01-31,Fresno State
higgise01,Sean Higgins,1991,1998,G-F,206,205,1968-12-30,Michigan
higgske01,Kenny Higgs,1979,1982,G,183,180,1955-01-31,LSU
highjo01,Johnny High,1980,1984,G,190,185,1957-04-25,Nevada
highsha01,Haywood Highsmith,2019,2023,F,201,220,1996-12-09,Wheeling University
hightwa01,Wayne Hightower,1963,1972,F-C,203,192,1940-01-14,Kansas
hilarne01,Nenê,2003,2019,F-C,211,250,1982-09-13,
hillar01,Armond Hill,1977,1984,G,193,190,1953-03-31,Princeton
hillcl01,Cleo Hill,1962,1962,G,185,185,1938-05-24,Winston-Salem State
hillga01,Gary Hill,1964,1965,G,193,185,1941-10-07,Oklahoma City University
hillge01,George Hill,2009,2023,G,193,188,1986-05-04,IUPUI
hillgr01,Grant Hill,1995,2013,F-G,203,225,1972-10-05,Duke
hilljo01,Jordan Hill,2010,2017,C-F,208,235,1987-07-27,Arizona
hillma01,Malcolm Hill,2022,2023,F,198,220,1995-10-26,Illinois
hillsi01,Simmie Hill,1970,1974,F,201,233,1946-11-14,"Wichita State, Cameron University, West Texas A&M University"
hillso01,Solomon Hill,2014,2022,F,198,226,1991-03-18,Arizona
hillst01,Steven Hill,2009,2009,C,213,248,1985-11-14,Arkansas
hillty01,Tyrone Hill,1991,2004,F,206,240,1968-03-19,Xavier
hillhar01,Art Hillhouse,1947,1948,C,201,220,1916-06-12,Long Island University
hillida01,Darrun Hilliard,2016,2018,G,198,205,1993-04-13,Villanova
hillmda01,Darnell Hillman,1972,1980,F-C,206,215,1949-08-29,San Jose State
hiltofr01,Fred Hilton,1972,1973,G-F,190,185,1948-01-15,Grambling State University
hinriki01,Kirk Hinrich,2004,2016,G,193,190,1981-01-02,Kansas
hinsoro01,Roy Hinson,1984,1991,F-C,206,210,1961-05-02,Rutgers University
hintona01,Nate Hinton,2021,2022,G,196,210,1999-06-08,Houston
hirscme01,Mel Hirsch,1947,1947,G,168,165,1921-07-31,Brooklyn College
hitchle01,Lew Hitch,1952,1957,F-C,203,200,1929-07-16,Kansas State
hitero01,Robert Hite,2007,2007,G,188,184,1984-01-12,Miami (FL)
hoardja01,Jaylen Hoard,2020,2022,F,203,216,1999-03-30,Wake Forest
hobsoda01,Darington Hobson,2012,2012,G,201,210,1987-09-29,New Mexico
hodgedo01,Donald Hodge,1992,1996,C,213,230,1969-02-25,Temple
hodgeju01,Julius Hodge,2006,2007,G,201,210,1983-11-18,NC State
hodgecr01,Craig Hodges,1983,1992,G,188,190,1960-06-27,Cal State Long Beach
hoefech01,Charlie Hoefer,1947,1948,G,175,158,1921-09-16,Queens College
hoffmpa01,Paul Hoffman,1948,1955,G-F,188,195,1925-04-12,Purdue
hogsebo01,Bob Hogsett,1967,1968,F,201,230,1941-01-29,Tennessee
hoguedu01,Paul Hogue,1963,1964,C,206,240,1940-04-28,Cincinnati
hoibefr01,Fred Hoiberg,1996,2005,G,193,203,1972-10-15,Iowa State
holcodo01,Doug Holcomb,1949,1949,F,193,200,1925-02-09,Wisconsin
holcora01,Randy Holcomb,2006,2006,F,206,225,1979-08-08,"Fresno State, San Diego State"
holidaa01,Aaron Holiday,2019,2023,G,183,185,1996-09-30,UCLA
holidjr01,Jrue Holiday,2010,2023,G,190,205,1990-06-12,UCLA
holidju01,Justin Holiday,2013,2023,F,198,180,1989-04-05,Washington
hollabr01,Brad Holland,1980,1982,G,190,180,1956-12-06,UCLA
hollajo01,Joe Holland,1950,1952,F,193,185,1925-09-26,Kentucky
hollajo02,John Holland,2018,2019,G-F,196,205,1988-11-06,Boston University
hollawi01,Wilbur Holland,1976,1979,G,183,175,1951-11-08,New Orleans
hollili01,Lionel Hollins,1976,1985,G,190,185,1953-10-19,Arizona State
holliry01,Ryan Hollins,2007,2016,C,213,240,1984-10-10,UCLA
hollies01,Essie Hollis,1979,1979,F,198,195,1955-05-16,St. Bonaventure
holliro01,Rondae Hollis-Jefferson,2016,2021,F,198,217,1995-01-03,Arizona
holmade01,Dennis Holman,1968,1968,G,190,175,1945-10-08,SMU
holmeri01,Richaun Holmes,2016,2023,C-F,208,235,1993-10-15,Bowling Green
holstji01,Jim Holstein,1953,1956,F-G,190,180,1930-09-24,Cincinnati
holtaw01,A.W. Holt,1971,1971,F,201,210,1946-08-26,Jackson State University
holtomi01,Michael Holton,1985,1990,G,193,185,1961-08-04,UCLA
holubdi01,Dick Holub,1948,1948,C,198,205,1921-10-29,Long Island University
holupjo01,Joe Holup,1957,1959,F,198,215,1934-02-26,George Washington
holzmre01,Red Holzman,1949,1954,G,178,175,1920-08-10,City College of New York
honeyje01,Jerald Honeycutt,1998,1999,F-G,206,245,1974-10-20,Tulane
honeyty01,Tyler Honeycutt,2012,2013,F,203,188,1990-07-15,UCLA
hoodde01,Derek Hood,2000,2000,F,203,222,1976-12-22,Arkansas
hoodro01,Rodney Hood,2015,2022,G-F,203,208,1992-10-20,"Mississippi State, Duke"
hoopebo01,Bobby Hooper,1969,1969,G,183,180,1946-12-22,Dayton
hooseca01,Carroll Hooser,1968,1968,F,201,230,1944-03-05,SMU
hooveto01,Tom Hoover,1964,1969,C,206,230,1941-01-23,Villanova
hopkibo01,Bob Hopkins,1957,1960,C-F,203,205,1934-11-03,Grambling State University
hoppeda01,Dave Hoppen,1988,1993,C-F,211,235,1964-03-13,Nebraska
hopsode01,Dennis Hopson,1988,1992,G-F,196,200,1965-04-22,Ohio State
hopsosc01,Scotty Hopson,2014,2022,G,201,204,1989-08-08,Tennessee
horanjo01,Johnny Horan,1956,1956,F,203,190,1932-11-24,Dayton
hordgce01,Cedrick Hordges,1981,1982,F-C,203,220,1957-01-08,"Auburn, South Carolina"
horfoal01,Al Horford,2008,2023,C-F,206,240,1986-06-03,Florida
horfoti01,Tito Horford,1989,1994,C,216,245,1966-01-19,Miami (FL)
hornro01,Ron Horn,1962,1968,F,201,220,1938-05-24,Indiana
hornaje01,Jeff Hornacek,1987,2000,G,190,190,1963-05-03,Iowa State
hornede01,Dennis Horner,2012,2012,F,206,230,1988-02-05,NC State
horryro01,Robert Horry,1993,2008,F,208,240,1970-08-25,Alabama
hortoed01,Ed Horton,1990,1990,F,203,230,1967-12-17,Iowa
hortota01,Talen Horton-Tucker,2020,2023,G-F,193,234,2000-11-25,Iowa State
hoskebi01,Bill Hosket,1969,1972,F-C,203,225,1946-12-20,Ohio State
houbrbo01,Bob Houbregs,1954,1958,C-F,203,225,1932-03-12,Washington
houseda01,Danuel House Jr.,2017,2023,G,198,220,1993-06-07,Texas A&M
houseed01,Eddie House,2001,2011,G,185,180,1978-05-14,Arizona State
houstca01,Caleb Houstan,2023,2023,G-F,203,205,2003-01-09,Michigan
houstal01,Allan Houston,1994,2005,G,198,200,1971-04-20,Tennessee
houstby01,Byron Houston,1993,1996,F,196,250,1969-11-22,Oklahoma State
hovasto01,Tom Hovasse,1995,1995,F,203,205,1967-01-31,Penn State
howarbr01,Brian Howard,1992,1993,F,198,204,1967-10-19,NC State
howardw01,Dwight Howard,2005,2022,C,208,265,1985-12-08,
howargr01,Greg Howard,1971,1972,F-C,206,215,1948-01-08,New Mexico
howarjo01,Josh Howard,2004,2013,F-G,201,210,1980-04-28,Wake Forest
howarju01,Juwan Howard,1995,2013,F,206,240,1973-02-07,Michigan
howarma02,Markus Howard,2021,2022,G,178,175,1999-03-03,Marquette
howarmo01,Mo Howard,1977,1977,G,188,170,1954-08-25,Maryland
howarot01,Otis Howard,1979,1979,F,201,220,1956-11-05,Austin Peay State University
howarst01,Stephen Howard,1993,1998,F,206,225,1970-07-15,DePaul
howarwi01,William Howard,2020,2020,F,203,207,1993-10-25,
howelba01,Bailey Howell,1960,1971,F,201,210,1937-01-20,Mississippi State
hubbabo01,Bob Hubbard,1948,1949,C-F,198,215,1922-12-27,Springfield College
hubbaph01,Phil Hubbard,1980,1989,F-C,203,215,1956-12-13,Michigan
hudgitr01,Trevor Hudgins,2023,2023,G,183,180,1999-03-23,Northwest Missouri State University
hudsole01,Lester Hudson,2010,2015,G,190,190,1984-08-07,University of Tennessee at Martin
hudsolo01,Lou Hudson,1967,1979,F-G,196,210,1944-07-11,Minnesota
hudsotr01,Troy Hudson,1998,2008,G,185,170,1976-03-13,"Missouri, Southern Illinois"
huertma01,Marcelo Huertas,2016,2017,G,190,200,1983-05-25,
huertke01,Kevin Huerter,2019,2023,G,201,190,1998-08-27,Maryland
huestjo01,Josh Huestis,2016,2018,F,201,230,1991-12-19,Stanford
huffja01,Jay Huff,2022,2023,F-C,216,240,1998-08-25,Virginia
huffmna01,Nate Huffman,2003,2003,C,216,245,1975-04-02,Central Michigan University
hugheri01,Alfredrick Hughes,1986,1986,F-G,196,215,1962-07-19,Loyola Chicago
hugheed01,Eddie Hughes,1988,1990,G,178,165,1960-05-26,Colorado State
hugheel01,Elijah Hughes,2021,2022,F,196,215,1998-03-10,"Syracuse, East Carolina University"
hugheki01,Kim Hughes,1976,1981,C,211,220,1952-06-04,Wisconsin
hughela01,Larry Hughes,1999,2012,G,196,184,1979-01-23,Saint Louis
hugheri02,Rick Hughes,2000,2000,F,206,235,1973-08-22,Thomas More College
hummero01,Robbie Hummel,2014,2015,F,203,215,1989-03-08,Purdue
hummejo01,John Hummer,1971,1976,F-C,206,230,1948-05-04,Princeton
humphry01,Ryan Humphrey,2003,2005,F,203,235,1979-07-24,"Oklahoma, Notre Dame"
humphis01,Isaac Humphries,2019,2019,C,213,255,1998-01-05,Kentucky
humphja01,Jay Humphries,1985,1995,G,190,185,1962-10-17,Colorado
humphkr01,Kris Humphries,2005,2017,F-C,206,235,1985-02-06,Minnesota
hundlho01,Hot Rod Hundley,1958,1963,G,193,185,1934-10-26,West Virginia
huntfe01,Feron Hunt,2022,2022,F,203,195,1999-07-05,SMU
huntebr01,Brandon Hunter,2004,2005,F,201,260,1980-11-24,Ohio University
huntece01,Cedric Hunter,1992,1992,G,183,180,1965-01-16,Kansas
huntech01,Chris Hunter,2010,2010,F,211,240,1984-07-07,Michigan
huntede01,De'Andre Hunter,2020,2023,F,203,225,1997-12-02,Virginia
huntele01,Les Hunter,1965,1973,F-C,201,210,1942-08-16,Loyola Chicago
hunteli01,Lindsey Hunter,1994,2010,G,188,170,1970-12-03,"Alcorn State, Jackson State University"
hunteot01,Othello Hunter,2009,2010,F,203,225,1986-05-28,Ohio State
hunterj01,R.J. Hunter,2016,2019,G,196,185,1993-10-24,Georgia State University
huntest01,Steven Hunter,2002,2010,C,213,220,1981-10-31,DePaul
huntevi01,Vince Hunter,2018,2018,F,203,208,1994-08-05,Texas-El Paso
hurlebo01,Bobby Hurley,1994,1998,G,183,165,1971-06-28,Duke
hurlero01,Roy Hurley,1947,1947,F-G,188,170,1922-08-12,Murray State
hustoge01,Geoff Huston,1980,1987,G,188,175,1957-11-08,Texas Tech
hustopa01,Paul Huston,1948,1948,F,190,175,1925-06-02,Ohio State
hutchme01,Mel Hutchins,1952,1958,F-C,198,200,1928-11-22,BYU
hutchch01,Chandler Hutchison,2019,2022,G,198,210,1996-04-26,Boise State
huttojo01,Joe Hutton,1951,1952,G,185,170,1928-10-06,Hamline University
hydergr01,Greg Hyder,1971,1971,F,198,215,1948-06-21,Eastern New Mexico University
hylanbo01,Bones Hyland,2022,2023,G,190,173,2000-09-14,VCU
