id,player,from,to,position,height,weight,birth_date,colleges
mcclesh01,Sheldon Mac,2017,2017,G,196,200,1992-12-21,"Texas, Miami (FL)"
maccuto01,Todd MacCulloch,2000,2003,C,213,280,1976-01-27,Washington
macgiro01,Ronnie MacGilvray,1955,1955,G,188,185,1930-07-20,St. John's
macledo01,Don MacLean,1993,2001,F,208,235,1970-01-16,UCLA
macalmi01,Mike Macaluso,1974,1974,F,196,210,1951-07-20,Canisius
macaued01,Ed Macauley,1950,1959,C-F,203,185,1928-03-22,Saint Louis
machasc01,Scott Machado,2013,2019,G,185,205,1990-06-08,Iona College
macijar01,Arvydas Macijauskas,2006,2006,G,193,214,1980-01-19,
mackol01,Ollie Mack,1980,1982,G,190,185,1957-06-06,East Carolina University
macksa01,Sam Mack,1993,2002,F-G,201,220,1970-05-26,"Iowa State, Tyler Junior College, Houston"
macksh01,Shelvin Mack,2012,2019,G,190,203,1990-04-22,Butler
mackema01,Malcolm Mackey,1994,1994,F-C,206,248,1970-07-11,Georgia Tech
macklru01,Rudy Macklin,1982,1984,F-G,201,205,1958-02-19,LSU
macklve01,Vernon Macklin,2012,2012,F,208,227,1986-09-20,"Georgetown, Florida"
macknjo01,Johnny Macknowski,1950,1951,G-F,183,180,1923-01-07,Seton Hall
maconda01,Daryl Macon,2019,2020,G,188,185,1995-11-29,Arkansas
maconma01,Mark Macon,1992,1999,G,196,185,1969-04-14,Temple
macurjp01,J.P. Macura,2019,2020,G,196,203,1995-06-05,Xavier
macyky01,Kyle Macy,1981,1987,G,190,175,1957-04-09,"Purdue, Kentucky"
maddoja01,Jack Maddox,1949,1949,F-G,190,185,1919-12-10,"SMU, West Texas A&M University"
maddoti01,Tito Maddox,2003,2003,G,193,190,1981-06-07,Fresno State
madkige01,Gerald Madkins,1994,1998,G,193,200,1969-04-18,UCLA
madsema01,Mark Madsen,2001,2009,F-C,206,240,1976-01-28,Stanford
magerno01,Norm Mager,1951,1951,F,196,185,1926-03-23,City College of New York
magetjo01,Josh Magette,2018,2020,G,185,160,1989-11-28,Alabama-Huntsville
maggeco01,Corey Maggette,2000,2013,F,198,218,1979-11-12,Duke
magleda01,Dave Magley,1983,1983,F,203,202,1959-11-24,Kansas
magloja01,Jamaal Magloire,2001,2012,C,211,259,1978-05-21,Kentucky
magnawi01,Will Magnay,2021,2021,C,208,234,1998-06-10,Tulsa
mahafra01,Randy Mahaffey,1968,1971,F,201,210,1945-09-28,Clemson
mahinia01,Ian Mahinmi,2008,2020,C,211,262,1986-11-05,
mahnkjo01,John Mahnken,1947,1953,C,203,220,1922-06-16,Georgetown
mahonbr01,Brian Mahoney,1973,1973,G,190,175,1948-12-17,Manhattan College
mahonmo01,Mo Mahoney,1953,1954,F,188,205,1927-11-20,Brown University
mahorri01,Rick Mahorn,1981,1999,C-F,208,240,1958-09-21,Hampton
majerda01,Dan Majerle,1989,2002,G-F,198,215,1965-09-09,Central Michigan University
majorre01,Renaldo Major,2007,2007,F,201,200,1982-05-07,"South Plains College, Fresno State"
makerth01,Thon Maker,2017,2021,F-C,213,221,1997-02-25,
malamli01,Lionel Malamed,1949,1949,G,175,150,1924-11-15,City College of New York
maledth01,Théo Maledon,2021,2023,G,193,175,2001-06-12,
malonje01,Jeff Malone,1984,1996,G,193,205,1961-06-28,Mississippi State
malonka01,Karl Malone,1986,2004,F,206,250,1963-07-24,Louisiana Tech
malonmo01,Moses Malone,1975,1995,C-F,208,215,1955-03-23,
malonma01,Matt Maloney,1997,2003,G,190,192,1971-12-06,"Vanderbilt, Penn"
malovst01,Steve Malovic,1980,1980,F,208,230,1956-07-21,"USC, San Diego State"
maloymi01,Mike Maloy,1971,1973,F,201,215,1949-05-10,Davidson
mamuksa01,Sandro Mamukelashvili,2022,2023,C-F,211,240,1999-05-23,Seton Hall
manakte01,Ted Manakas,1974,1974,G,188,180,1951-02-22,Princeton
mandijo01,John Mandic,1949,1950,F-C,193,205,1919-10-03,Oregon State
maneka01,Karim Mané,2021,2021,G,190,190,2000-05-16,Vanier College
mangifr01,Frank Mangiapane,1947,1947,G,178,195,1925-08-05,NYU
mannte01,Terance Mann,2020,2023,G-F,196,215,1996-10-18,Florida State
manntr01,Tre Mann,2022,2023,G,190,178,2001-02-03,Florida
mannida01,Danny Manning,1989,2003,F-C,208,230,1966-05-17,Kansas
mannied01,Ed Manning,1968,1976,F,201,210,1944-01-02,Jackson State University
mannigu01,Guy Manning,1968,1969,F,198,195,1944-02-04,Prairie View A&M University
manniri01,Rich Manning,1996,1997,C,211,253,1970-06-23,"Syracuse, Washington"
mannini01,Nico Mannion,2021,2021,G,188,190,2001-03-14,Arizona
mannipa01,Pace Mannion,1984,1989,G,201,190,1960-09-22,Utah
mantini01,Nick Mantis,1960,1963,G,190,190,1935-12-07,Northwestern
maravpe01,Pete Maravich,1971,1980,G,196,197,1947-06-22,LSU
maravpr01,Press Maravich,1947,1947,G,183,185,1915-08-29,Davis & Elkins College
marblde01,Devyn Marble,2015,2016,G-F,198,200,1992-09-21,Iowa
marblro01,Roy Marble,1990,1994,G-F,198,190,1966-12-13,Iowa
marbust01,Stephon Marbury,1997,2009,G,188,180,1977-02-20,Georgia Tech
marcisa01,Šarūnas Marčiulionis,1990,1997,G,196,200,1964-06-13,
mariasa01,Saul Mariaschin,1948,1948,G,180,165,1924-09-01,Harvard University
marinja01,Jack Marin,1967,1977,F-G,201,200,1944-10-12,Duke
mariosh01,Shawn Marion,2000,2015,F,201,220,1978-05-07,"Vincennes University, UNLV"
marjabo01,Boban Marjanović,2016,2023,C,221,290,1988-08-15,
markkla01,Lauri Markkanen,2018,2023,F-C,213,240,1997-05-22,Arizona
markoda01,Damir Markota,2007,2007,C,208,225,1985-12-26,
marksse01,Sean Marks,1999,2011,F-C,208,250,1975-08-23,California
marlaha01,Harvey Marlatt,1971,1973,G,190,185,1948-08-26,Eastern Michigan
marshji01,Jim Marsh,1972,1972,F,201,215,1946-04-26,USC
marshri01,Ricky Marsh,1978,1978,G,190,200,1954-03-10,Manhattan College
marshdo02,Donny Marshall,1996,2003,F,201,230,1972-07-17,UConn
marshdo01,Donyell Marshall,1995,2009,F,206,218,1973-05-18,UConn
marshke01,Kendall Marshall,2013,2016,G,193,200,1991-08-19,UNC
marshna01,Naji Marshall,2021,2023,F,201,220,1998-01-24,Xavier
marshra01,Rawle Marshall,2006,2007,G-F,206,190,1982-02-20,"Ball State University, Oakland"
marshto01,Tom Marshall,1955,1959,F-G,193,215,1931-01-06,Western Kentucky
marshve01,Vester Marshall,1974,1974,F,201,200,1948-12-22,Oklahoma
martibi01,Bill Martin,1986,1988,F,201,205,1962-08-16,Georgetown
martibo01,Bob Martin,1994,1995,C,213,250,1969-10-07,Minnesota
martibr01,Brian Martin,1986,1986,F,206,212,1962-08-18,Kansas
martica02,Caleb Martin,2020,2023,F,196,205,1995-09-28,"NC State, Nevada"
martica01,Cartier Martin,2009,2015,F,201,220,1984-11-20,Kansas State
martico01,Cody Martin,2020,2023,G-F,196,205,1995-09-28,"NC State, Nevada"
marticu01,Cuonzo Martin,1996,1997,G-F,196,213,1971-09-23,Purdue
martida01,Darrick Martin,1995,2008,G,180,170,1971-03-06,UCLA
martidi01,Dino Martin,1947,1948,G,173,160,1920-05-25,Georgetown
martido01,Don Martin,1947,1949,C-F,201,210,1920-02-07,Central Missouri State University
martife01,Fernando Martín,1987,1987,C,206,220,1962-03-25,
martija01,Jarell Martin,2016,2019,F,208,239,1994-05-24,LSU
martije01,Jeff Martin,1990,1991,G,196,195,1967-01-14,Murray State
martije02,Jeremiah Martin,2020,2021,G,190,185,1996-06-19,Memphis
martike03,Kelan Martin,2020,2022,F,196,230,1995-08-03,Butler
martike01,Kenyon Martin,2001,2015,F,206,234,1977-12-30,Cincinnati
martike04,Kenyon Martin Jr.,2021,2023,F,198,215,2001-01-06,
martike02,Kevin Martin,2005,2016,G,201,199,1983-02-01,Western Carolina University
martila01,LaRue Martin,1973,1976,C,211,208,1950-03-30,Loyola Chicago
martima01,Maurice Martin,1987,1988,F-G,198,200,1964-07-02,Saint Joseph's
martiph01,Phil Martin,1955,1955,G,190,190,1928-04-02,Toledo
martisl01,Slater Martin,1950,1960,G,178,170,1925-10-22,Texas
martity01,Tyrese Martin,2023,2023,G,198,215,1999-03-07,"Rhode Island, UConn"
martiwh01,Whitey Martin,1962,1962,G,188,185,1939-04-11,St. Bonaventure
mashbja01,Jamal Mashburn,1994,2004,F,203,240,1972-11-29,Kentucky
masinal01,Al Masino,1953,1954,G,178,174,1928-02-05,Canisius
masonan01,Anthony Mason,1990,2003,F,201,250,1966-12-14,Tennessee State
masonde01,Desmond Mason,2001,2010,F,201,224,1977-10-11,Oklahoma State
masonfr01,Frank Mason III,2018,2021,G,180,190,1994-04-03,Kansas
masonro01,Roger Mason,2003,2014,G,196,200,1980-09-10,Virginia
masseto01,Tony Massenburg,1991,2005,F,206,220,1967-07-31,Maryland
masted01,Eddie Mast,1971,1973,F-C,206,220,1948-10-03,Temple
matenya01,Yante Maten,2019,2019,F,203,240,1996-08-14,Georgia
mathega01,Garrison Mathews,2020,2023,G,196,215,1996-10-24,Lipscomb
mathima01,Mangok Mathiang,2018,2018,C-F,208,230,1992-10-08,Louisville
mathida01,Dakota Mathias,2021,2022,G,193,200,1995-07-11,Purdue
mathijo01,Johnny Mathis,1968,1968,F,198,220,1943-07-14,Savannah State University
mathube01,Bennedict Mathurin,2023,2023,G-F,198,210,2002-06-19,Arizona
matthwe01,Wes Matthews,1981,1990,G,185,170,1959-08-24,Wisconsin
matthwe02,Wesley Matthews,2010,2023,G,193,220,1986-10-14,Marquette
maughar01,Ariel Maughan,1947,1951,F,193,190,1923-02-23,Utah State University
maxeyma01,Marlon Maxey,1993,1994,F,203,250,1969-02-19,"Minnesota, Texas-El Paso"
maxeyty01,Tyrese Maxey,2021,2023,G,188,200,2000-11-04,Kentucky
maxieja01,Jason Maxiell,2006,2015,F-C,201,260,1983-02-18,Cincinnati
maxwece01,Cedric Maxwell,1978,1988,F,203,205,1955-11-21,UNC Charlotte
maxweve01,Vernon Maxwell,1989,2001,G,193,180,1965-09-12,Florida
maydo01,Don May,1969,1975,F,193,200,1946-01-03,Dayton
maysc01,Scott May,1977,1983,F,201,215,1954-03-19,Indiana
mayse01,Sean May,2006,2010,F-C,206,266,1984-04-04,UNC
maybele01,Lee Mayberry,1993,1999,G,185,172,1970-06-12,Arkansas
mayescl01,Clyde Mayes,1976,1977,F,203,225,1953-03-17,Furman University
mayesth01,Tharon Mayes,1992,1992,G,190,175,1968-09-09,Florida State
mayfibi01,Bill Mayfield,1981,1981,F,201,205,1957-10-17,Iowa
mayfike01,Ken Mayfield,1976,1976,G,188,185,1948-05-11,Tuskegee University
maynoer01,Eric Maynor,2010,2014,G,190,175,1987-06-11,VCU
mayooj01,O.J. Mayo,2009,2016,G,196,210,1987-11-05,USC
mayssk01,Skylar Mays,2021,2023,G,193,205,1997-09-05,LSU
maystr01,Travis Mays,1991,1993,G,188,190,1968-06-19,Texas
mazzama01,Matt Mazza,1950,1950,F,190,210,1923-09-23,Michigan State
mbahalu01,Luc Mbah a Moute,2009,2020,F,203,230,1986-09-09,UCLA
mcadobo01,Bob McAdoo,1973,1986,C-F,206,210,1951-09-25,"Vincennes University, UNC"
mcadoja01,James Michael McAdoo,2015,2018,F,206,230,1993-01-04,UNC
mcbrike01,Ken McBride,1955,1955,G-F,190,190,1929-05-23,University of Maryland Eastern Shore
mcbrimi01,Miles McBride,2022,2023,G,188,200,2000-09-08,West Virginia
mccalta01,Tahjere McCall,2019,2019,G,196,195,1994-08-17,Tennessee State
mccalra01,Ray McCallum,2014,2016,G,190,190,1991-06-12,Detroit Mercy
mccanbo01,Bob McCann,1990,1998,F,198,244,1964-04-22,"Upsala College, Morehead State University"
mccanbr01,Brendan McCann,1958,1960,G,188,178,1935-07-05,St. Bonaventure
mccanme01,Mel McCants,1990,1990,F,203,240,1967-08-19,Purdue
mccanra01,Rashad McCants,2006,2009,G,193,207,1984-09-25,UNC
mccarmi01,Mike McCarron,1947,1950,G,180,180,1922-03-02,Seton Hall
mccaran01,Andre McCarter,1977,1981,G,190,190,1953-08-25,UCLA
mccarwi01,Willie McCarter,1970,1972,G,190,175,1946-07-26,Drake University
mccarjo01,Johnny McCarthy,1957,1964,G,185,185,1934-04-25,Canisius
mccarho01,Howie McCarty,1947,1947,F-G,188,190,1919-04-15,Wayne State University
mccarke01,Kelly McCarty,1999,1999,G-F,201,200,1975-08-24,Southern Miss
mccarwa01,Walter McCarty,1997,2006,F,208,230,1974-02-01,Kentucky
mccasam01,Amal McCaskill,1997,2004,F-C,211,235,1973-10-28,Marquette
mccawpa01,Patrick McCaw,2017,2021,G,201,181,1995-10-25,UNLV
mccladw01,Dwayne McClain,1986,1986,G,198,185,1963-02-07,Villanova
mcclate01,Ted McClain,1972,1979,G,185,180,1946-08-30,Tennessee State
mcclida01,Dan McClintock,2001,2001,C,213,270,1977-04-19,Northern Arizona University
mccloja01,Jack McCloskey,1953,1953,G,188,190,1925-09-19,"Pitt, Penn"
mccloge01,George McCloud,1990,2002,G-F,198,205,1967-05-27,Florida State
mccluma01,Mac McClung,2022,2023,G,188,185,1999-01-06,"Georgetown, Texas Tech"
mccolcj01,CJ McCollum,2014,2023,G,190,190,1991-09-19,Lehigh
mcconjo01,John McConathy,1952,1952,F,196,195,1930-04-09,Northwestern State University
mcconbu01,Bucky McConnell,1953,1953,G,178,170,1928-07-01,
mccontj01,T.J. McConnell,2016,2023,G,185,190,1992-03-25,"Duquesne, Arizona"
mccorke01,Keith McCord,1981,1981,G,201,210,1957-06-22,"Alabama, UAB"
mccorti01,Tim McCormick,1985,1992,C,211,240,1962-03-10,Michigan
mccoyje01,Jelani McCoy,1999,2008,C,208,245,1977-12-06,UCLA
mccrapa01,Paul McCracken,1973,1977,G,193,180,1950-09-11,Cal State Northridge
mccrach01,Chris McCray,2007,2007,G,196,192,1984-05-27,Maryland
mccraro01,Rodney McCray,1984,1993,F-G,201,220,1961-08-29,Louisville
mccrasc01,Scooter McCray,1984,1987,F-G,206,215,1960-02-08,Louisville
mccreer01,Erik McCree,2018,2018,F,201,219,1993-12-20,Louisiana Tech
mcculch01,Chris McCullough,2016,2018,F,211,200,1995-02-05,Syracuse
mcculjo01,John McCullough,1982,1982,G,193,190,1956-10-05,Oklahoma
mcdancl01,Clint McDaniel,1996,1996,G,193,180,1972-02-26,Arkansas
mcdanxa01,Xavier McDaniel,1986,1998,F,201,205,1963-06-04,Wichita State
mcdanja02,Jaden McDaniels,2021,2023,F,206,185,2000-09-29,Washington
mcdanja01,Jalen McDaniels,2020,2023,F,206,205,1998-01-31,San Diego State
mcdanji01,Jim McDaniels,1972,1978,C-F,211,228,1948-04-02,Western Kentucky
mcdankj01,K.J. McDaniels,2015,2017,G-F,198,205,1993-02-09,Clemson
mcderdo01,Doug McDermott,2015,2023,F,201,225,1992-01-03,Creighton
mcderse01,Sean McDermott,2021,2021,F,198,195,1996-11-03,Butler
mcdonbe01,Ben McDonald,1986,1989,F,203,210,1962-07-20,"University of California, Irvine"
mcdongl01,Glenn McDonald,1975,1977,F-G,198,190,1952-03-18,Cal State Long Beach
mcdonmi01,Michael McDonald,1998,1998,C,208,232,1969-02-13,"Utah Valley, New Orleans"
mcdonro01,Rod McDonald,1971,1973,F,198,205,1945-04-09,Whitworth
mcdowha01,Hank McDowell,1982,1987,F-C,206,215,1959-11-13,Memphis
mcdyean01,Antonio McDyess,1996,2011,F-C,206,220,1974-09-07,Alabama
mcelrji01,Jim McElroy,1976,1982,G,190,190,1953-10-04,Central Michigan University
mcfarpa01,Pat McFarland,1974,1976,F-G,196,185,1951-12-07,Saint Joseph's
mcfariv01,Ivan McFarlin,2007,2007,F,203,240,1982-04-26,Oklahoma State
mcgahme01,Mel McGaha,1949,1949,G,185,190,1926-09-26,Arkansas
mcgarmi01,Mitch McGary,2015,2016,F-C,208,255,1992-06-06,Michigan
mcgeeja01,JaVale McGee,2009,2023,C,213,270,1988-01-19,Nevada
mcgeemi01,Mike McGee,1982,1990,G-F,196,190,1959-07-29,Michigan
mcgilbi01,Bill McGill,1963,1970,C-F,206,225,1939-09-16,Utah
mcginge01,George McGinnis,1972,1982,F-C,203,235,1950-08-12,Indiana
mcglojo01,Jon McGlocklin,1966,1976,G-F,196,205,1943-06-10,Indiana
mcgowbr01,Bryce McGowens,2023,2023,G-F,201,179,2002-11-08,Nebraska
mcgratr01,Tracy McGrady,1998,2012,G-F,203,210,1979-05-24,
mcgregi01,Gil McGregor,1972,1972,F,203,240,1949-06-14,Wake Forest
mcgrica01,Cameron McGriff,2022,2022,F,201,230,1997-09-30,Oklahoma State
mcgriel01,Elton McGriff,1968,1969,C,206,225,1942-08-21,"City College of San Francisco, Creighton"
mcgruro01,Rodney McGruder,2017,2023,G,193,205,1991-07-29,Kansas State
mcguial01,Alfred McGuire,1952,1955,G-F,188,180,1928-09-07,St. John's
mcguial02,Allie McGuire,1974,1974,G,190,175,1951-07-10,Marquette
mcguidi01,Dick McGuire,1950,1960,G,183,180,1926-01-25,St. John's
mcguido01,Dominic McGuire,2008,2013,F,206,220,1985-10-20,"California, Fresno State"
mchalke01,Kevin McHale,1981,1993,F-C,208,210,1957-12-19,Minnesota
mcharma01,Maurice McHartley,1968,1970,G-F,190,185,1942-08-01,North Carolina A&T
mcilvji01,Jim McIlvaine,1995,2001,C,216,240,1972-07-30,Marquette
mcinnje01,Jeff McInnis,1997,2008,G,193,190,1974-10-22,UNC
mcintke01,Kenny McIntosh,1972,1975,F,201,225,1949-01-21,Eastern Michigan
mcintbo01,Bob McIntyre,1968,1970,F,198,215,1944-01-23,St. John's
mckeeje01,Jerry McKee,1970,1970,G,190,190,1946-08-04,Ohio University
mckenke01,Kevin McKenna,1982,1988,G-F,196,195,1959-01-08,Creighton
mckenfo01,Forrest McKenzie,1987,1987,F,201,200,1963-02-16,Loyola Marymount
mckenst01,Stan McKenzie,1968,1974,F-G,196,195,1944-10-06,NYU
mckeyde01,Derrick McKey,1988,2002,F-C,206,205,1966-10-10,Alabama
mckieaa01,Aaron McKie,1995,2007,G-F,196,209,1972-10-02,Temple
mckinbi01,Billy McKinney,1979,1986,G,183,160,1955-06-05,Northwestern
mckinbo01,Bones McKinney,1947,1952,F-C,198,185,1919-01-01,UNC
mckinca01,Carlton McKinney,1990,1992,G,193,190,1964-10-21,"Tulsa, SMU"
mckintr01,Trey McKinney-Jones,2018,2018,G,196,214,1990-08-27,"Missouri-Kansas City, Miami (FL)"
mckinal01,Alfonzo McKinnie,2018,2022,F,201,215,1992-09-17,Green Bay
mclauja01,JaQuori McLaughlin,2022,2022,G,193,190,1998-01-29,"Oregon State, UC Santa Barbara"
mclaujo01,Jordan McLaughlin,2020,2023,G,180,185,1996-04-09,USC
mclembe01,Ben McLemore,2014,2022,G,190,195,1993-02-11,Kansas
mclemmc01,McCoy McLemore,1965,1972,F-C,201,230,1942-04-03,Drake University
mcleoge01,George McLeod,1953,1953,F,196,200,1931-01-03,TCU
mcleoke01,Keith McLeod,2004,2007,G,188,188,1979-11-05,Bowling Green
mcleoro01,Roshown McLeod,1999,2001,F,203,221,1975-11-17,"St. John's, Duke"
mcmahja01,Jack McMahon,1953,1960,G,185,185,1928-12-03,St. John's
mcmilna01,Nate McMillan,1987,1998,G-F,196,195,1964-08-03,NC State
mcmilto01,Tom McMillen,1976,1986,F-C,211,215,1952-05-26,Maryland
mcmilji01,Jim McMillian,1971,1979,F,196,215,1948-03-11,Columbia University
mcmilsh01,Shellie McMillon,1959,1962,F,196,205,1936-03-11,Bradley
mcmulma01,Mal McMullen,1950,1951,F-C,196,210,1927-08-23,Xavier
mcnabch01,Chet McNabb,1948,1948,F,188,200,1920-09-19,Arizona State
mcnamma01,Mark McNamara,1983,1991,C-F,211,235,1959-06-08,"Santa Clara, California"
mcnamjo01,Joe McNamee,1951,1952,F-C,198,210,1926-09-24,San Francisco
mcneaje01,Jerel McNeal,2015,2015,G,190,200,1987-06-01,Marquette
mcneach01,Chris McNealy,1986,1988,F,201,210,1961-07-15,San Jose State
mcneibo01,Bob McNeill,1961,1962,G,185,170,1938-10-22,Saint Joseph's
mcneila01,Larry McNeill,1974,1979,F-C,206,195,1951-01-31,Marquette
mcnulca01,Carl McNulty,1955,1955,G,190,185,1930-02-14,Purdue
mcphepa01,Paul McPherson,2001,2001,G,193,210,1978-07-03,DePaul
mcpipro01,Roy McPipe,1975,1975,G,190,205,1950-05-05,"Montana State University, Billings"
mcqueco01,Cozell McQueen,1987,1987,F,211,235,1962-01-18,NC State
mcraejo01,Jordan McRae,2016,2020,G,196,179,1991-03-28,Tennessee
mcreyth01,Thales McReynolds,1966,1966,G,190,185,1943-06-08,Miles College
mcrobjo01,Josh McRoberts,2008,2018,F-C,208,240,1987-02-28,Duke
mcwiler01,Eric McWilliams,1973,1973,F,203,200,1950-04-18,Cal State Long Beach
mearnge01,George Mearns,1947,1948,F,190,175,1922-04-18,Rhode Island
medvest01,Stanislav Medvedenko,2001,2007,F,208,250,1979-04-04,
meeda01,Darnell Mee,1994,1995,G,196,175,1971-02-11,Western Kentucky
meeksjo01,Jodie Meeks,2010,2019,G,193,210,1987-08-21,Kentucky
meelycl01,Cliff Meely,1972,1976,F-C,203,215,1947-07-10,Colorado
meentsc01,Scott Meents,1990,1991,F,208,225,1964-01-04,Illinois
mehendi01,Dick Mehen,1950,1952,F-C,196,195,1922-05-20,Tennessee
meinemo01,Monk Meineke,1953,1958,F-C,201,208,1930-10-30,Dayton
meinhca01,Carl Meinhold,1948,1949,G-F,188,185,1926-03-29,Long Island University
mejrisa01,Salah Mejri,2016,2019,C,218,235,1986-06-15,
mekelga01,Gal Mekel,2014,2015,G,190,191,1988-03-04,Wichita State
melchbi01,Bill Melchionni,1967,1976,G,185,165,1944-10-19,Villanova
melchga01,Gary Melchionni,1974,1975,G,188,185,1951-01-19,Duke
mellini01,Nicolò Melli,2020,2021,F,206,236,1991-01-26,
melofa01,Fab Melo,2013,2013,C,213,255,1990-06-20,Syracuse
meltode01,De'Anthony Melton,2019,2023,G,188,200,1998-05-28,USC
melvied01,Ed Melvin,1947,1947,G,175,170,1916-02-13,Duquesne
meminde01,Dean Meminger,1972,1977,G,183,175,1948-05-13,Marquette
mencech01,Chuck Mencel,1956,1957,G,183,168,1933-04-21,Minnesota
mengejo01,John Mengelt,1972,1981,G,188,195,1949-10-16,Auburn
menkeke01,Ken Menke,1950,1950,G,183,168,1922-10-02,Illinois
mensapo01,Pops Mensah-Bonsu,2007,2011,F,206,240,1983-09-07,George Washington
menyade01,Dewitt Menyard,1968,1968,C,208,210,1944-05-24,"Allan Hancock College, Utah"
mercero01,Ron Mercer,1998,2005,G-F,201,210,1976-05-18,Kentucky
meriwjo01,Joe Meriweather,1976,1985,C-F,208,215,1953-10-26,Southern Illinois
meriwpo01,Porter Meriwether,1963,1963,G,188,180,1940-03-16,Tennessee State
merrisa01,Sam Merrill,2021,2023,G,193,205,1996-05-15,Utah State University
meschto01,Tom Meschery,1962,1971,F,198,215,1938-10-26,Saint Mary's
metuch01,Chimezie Metu,2019,2023,F-C,206,225,1997-03-22,USC
meyerbi01,Bill Meyer,1968,1968,G,190,195,1943-08-30,Hiram College
meyerlo01,Loren Meyer,1996,1999,C,208,257,1972-12-30,Iowa State
meyerda01,Dave Meyers,1976,1980,F-C,203,215,1953-04-21,UCLA
miasest01,Stan Miasek,1947,1953,C-F,196,210,1923-09-19,
michela01,Larry Micheaux,1984,1985,F,206,220,1960-03-24,Houston
mickejo01,Jordan Mickey,2016,2018,F,203,235,1994-07-09,LSU
middlkh01,Khris Middleton,2013,2023,F-G,201,222,1991-08-12,Texas A&M
mihalre01,Red Mihalik,1947,1947,G,183,180,1916-09-22,
mihmch01,Chris Mihm,2001,2009,C-F,213,265,1979-07-16,Texas
mikaer01,Eric Mika,2020,2020,C,208,230,1995-01-05,BYU
mikaned01,Ed Mikan,1949,1954,C-F,203,230,1925-10-20,DePaul
mikange01,George Mikan,1949,1956,C,208,245,1924-06-18,DePaul
mikanla01,Larry Mikan,1971,1971,F,201,210,1948-04-08,Minnesota
mikkeve01,Vern Mikkelsen,1950,1959,F-C,201,230,1928-10-21,Hamline University
miksial01,Al Miksis,1950,1950,C,201,210,1928-02-02,Western Illinois University
milesaa01,Aaron Miles,2006,2006,G,185,175,1983-04-13,Kansas
milescj01,C.J. Miles,2006,2022,G-F,198,220,1987-03-18,
milesda01,Darius Miles,2001,2009,F,206,210,1981-10-09,
milesed01,Eddie Miles,1964,1972,G-F,193,195,1940-07-05,Seattle University
milicma01,Marko Milič,1998,1999,G-F,198,235,1977-05-07,
milicda01,Darko Miličić,2004,2013,F-C,213,250,1985-06-20,
militna01,Nat Militzok,1947,1947,F,190,195,1923-05-03,Cornell
millean02,Andre Miller,2000,2016,G,190,200,1976-03-19,Utah
millean01,Anthony Miller,1995,2005,F,206,225,1971-10-22,Michigan State
millebi01,Bill Miller,1949,1949,F,190,190,1924-11-24,UNC
millebo01,Bob Miller,1984,1984,F,208,230,1956-07-09,Cincinnati
millebr01,Brad Miller,1999,2012,C-F,211,244,1976-04-12,Purdue
milleda01,Darius Miller,2013,2021,F,198,225,1990-03-21,Kentucky
milledi01,Dick Miller,1981,1981,F,198,215,1958-04-26,Toledo
milleed01,Eddie Miller,1953,1954,C-F,203,225,1931-06-18,Syracuse
milleha01,Harry Miller,1947,1947,C-F,193,230,1923-07-28,UNC
milleja01,Jay Miller,1968,1971,F,196,205,1943-07-19,Notre Dame
millela01,Larry Miller,1969,1975,G-F,193,190,1946-04-04,UNC
millema01,Malcolm Miller,2018,2020,F,201,210,1993-03-06,Holy Cross
millemi01,Mike Miller,2001,2017,F-G,203,218,1980-02-19,Florida
milleol01,Oliver Miller,1993,2004,C,206,280,1970-04-06,Arkansas
millequ01,Quincy Miller,2013,2015,F,206,210,1992-11-18,Baylor
millere01,Reggie Miller,1988,2005,G-F,201,185,1965-08-24,UCLA
millewa01,Walt Miller,1947,1947,F,188,190,1915-07-20,Duquesne
millsch01,Chris Mills,1994,2003,F,198,215,1970-01-25,"Kentucky, Arizona"
millsjo01,John Mills,1947,1947,C-F,203,203,1919-09-07,Western Kentucky
millspa02,Patty Mills,2010,2023,G,185,180,1988-08-11,Saint Mary's
millste01,Terry Mills,1991,2001,F,208,230,1967-12-21,Michigan
millsel01,Elijah Millsap,2015,2017,G-F,198,225,1987-08-12,"Louisiana, UAB"
millspa01,Paul Millsap,2007,2022,F,201,257,1985-02-10,Louisiana Tech
miltosh01,Shake Milton,2019,2023,G,196,205,1996-09-26,SMU
minayju01,Justin Minaya,2023,2023,F,196,210,1999-03-26,
minerha01,Harold Miner,1993,1996,G,196,210,1971-05-05,USC
mingya01,Yao Ming,2003,2011,C,229,310,1980-09-12,
minnidi01,Dirk Minniefield,1986,1988,G,190,180,1961-01-17,Kentucky
minorda01,Dave Minor,1952,1953,G-F,188,185,1922-02-23,"Toledo, UCLA"
minorgr01,Greg Minor,1995,1999,G-F,198,210,1971-09-18,Louisville
minorma01,Mark Minor,1973,1973,F,198,215,1950-05-14,Ohio State
minotjo01,Josh Minott,2023,2023,F,203,205,2002-11-25,Memphis
mirotni01,Nikola Mirotić,2015,2019,F,208,250,1991-02-11,
misakwa01,Wat Misaka,1948,1948,G,170,150,1923-12-21,"Weber State, Utah"
miskija01,Jason Miskiri,2000,2000,G,188,175,1975-08-19,George Mason
mitchda01,Davion Mitchell,2022,2023,G,188,205,1998-09-05,"Auburn, Baylor"
mitchdo01,Donovan Mitchell,2018,2023,G,185,215,1996-09-07,Louisville
mitchle01,Leland Mitchell,1968,1968,G,193,210,1941-02-22,"Pearl River Community College, Mississippi State"
mitchmi01,Mike Mitchell,1979,1988,F,201,215,1956-01-01,Auburn
mitchmu01,Murray Mitchell,1950,1950,C,198,,1923-03-19,Sam Houston State University
mitchsa01,Sam Mitchell,1990,2002,F,198,210,1963-09-02,Mercer University
mitchto01,Todd Mitchell,1989,1989,F,201,205,1966-07-26,Purdue
mitchto03,Tony Mitchell,2014,2014,F,198,216,1989-08-07,Alabama
mitchto02,Tony Mitchell,2014,2014,F,203,235,1992-04-07,University of North Texas
mitrona01,Naz Mitrou-Long,2018,2020,G,190,218,1993-08-03,Iowa State
mixst01,Steve Mix,1970,1983,F,201,215,1947-12-30,Toledo
mlkvybi01,Bill Mlkvy,1953,1953,F,193,190,1931-01-19,Temple
moblecu01,Cuttino Mobley,1999,2009,G,193,190,1975-09-01,Rhode Island
mobleer01,Eric Mobley,1995,1997,C,211,235,1970-02-01,Pitt
mobleev01,Evan Mobley,2022,2023,F-C,213,215,2001-06-18,USC
mobleis01,Isaiah Mobley,2023,2023,F,208,240,1999-09-24,USC
moedo01,Doug Moe,1968,1972,F-G,196,215,1938-09-21,UNC
moffela01,Larry Moffett,1978,1978,F,203,210,1954-11-05,UNLV
mogusle01,Leo Mogus,1947,1951,F-C,193,190,1921-04-13,Youngstown State University
mohamna01,Nazr Mohammed,1999,2016,C,208,221,1977-09-05,Kentucky
moisoje01,Jérôme Moïso,2001,2005,F-C,208,235,1978-06-15,UCLA
mokespa01,Paul Mokeski,1980,1991,C-F,213,250,1957-01-03,Kansas
mokokad01,Adam Mokoka,2020,2021,G,193,190,1998-07-18,
molinja01,Jack Molinas,1954,1954,F,198,200,1931-10-31,Columbia University
moliswa01,Wayne Molis,1967,1968,F,203,230,1943-04-17,"Chicago State, Lewis (IL)"
moncrsi01,Sidney Moncrief,1980,1991,G,193,180,1957-09-21,Arkansas
monekch01,Chima Moneke,2023,2023,F,198,222,1995-12-24,"Northeast Community College, UC-Davis"
moneyer01,Eric Money,1975,1980,G,183,170,1955-02-06,Arizona
moniase01,Sergei Monia,2006,2006,F,203,220,1983-04-15,
monkma01,Malik Monk,2018,2023,G,190,200,1998-02-04,Kentucky
monroea01,Earl Monroe,1968,1980,G,190,185,1944-11-21,Winston-Salem State
monrogr01,Greg Monroe,2011,2022,C-F,211,265,1990-06-04,Georgetown
monroro01,Rodney Monroe,1992,1992,G,190,185,1968-04-16,NC State
montelu01,Luis Montero,2016,2018,G,201,185,1993-04-06,Westchester CC
montgho01,Howie Montgomery,1963,1963,F,196,220,1940-08-22,University of Texas Rio Grande Valley
montrer01,Eric Montross,1995,2002,C,213,270,1971-09-23,UNC
moodymo01,Moses Moody,2022,2023,G,198,205,2002-05-31,Arkansas
moonja01,Jamario Moon,2008,2012,F,203,205,1980-06-13,Meridian Community College
moonxa01,Xavier Moon,2022,2023,G,188,165,1995-01-02,"Northwest Florida State College, Morehead State University"
mooneji01,Jim Mooney,1953,1953,F,196,215,1930-07-08,Villanova
moonema01,Matt Mooney,2020,2022,G,190,199,1996-02-07,"Air Force, South Dakota, Texas Tech"
moorean01,Andre Moore,1988,1988,F,206,215,1964-07-02,Loyola Chicago
moorebe01,Ben Moore,2018,2018,F,203,220,1995-05-13,SMU
mooreet01,E'Twaun Moore,2012,2021,G-F,190,191,1989-02-25,Purdue
moorege01,Gene Moore,1969,1975,C-F,206,225,1945-07-29,Saint Louis
mooreja01,Jackie Moore,1955,1957,F,196,180,1932-09-24,La Salle
moorejo01,Johnny Moore,1981,1990,G,185,175,1958-03-03,Texas
moorela01,Larry Moore,1968,1968,F,201,215,1942-07-10,Florida State
moorelo01,Lowes Moore,1981,1983,G,185,170,1957-05-05,West Virginia
mooremi01,Mikki Moore,1999,2012,C-F,211,225,1975-11-04,Nebraska
mooreot01,Otto Moore,1969,1977,C-F,211,205,1946-08-27,University of Texas Rio Grande Valley
mooreri01,Richie Moore,1968,1968,G,188,190,,"Villanova, Hiram Scott College"
moorero01,Ron Moore,1988,1988,C,213,260,1962-01-16,"Salem University, West Virginia State University"
mooretr01,Tracy Moore,1992,1997,G-F,193,200,1965-12-28,Tulsa
moorewe01,Wendell Moore Jr.,2023,2023,G-F,196,213,2001-09-18,Duke
moranja01,Ja Morant,2020,2023,G,190,174,1999-08-10,Murray State
moreler01,Eric Moreland,2015,2019,F-C,208,238,1991-12-24,Oregon State
morelja01,Jackie Moreland,1961,1970,F-G,201,215,1938-03-11,Louisiana Tech
morgagu01,Guy Morgan,1983,1983,G,203,205,1960-08-23,Wake Forest
morgaju01,Juwan Morgan,2020,2022,F,201,232,1997-04-17,Indiana
morgare01,Rex Morgan,1971,1972,G,196,190,1948-10-27,Jacksonville University
morgeel01,Elmore Morgenthaler,1947,1949,C,206,230,1922-08-03,"New Mexico Tech, Boston College"
mornida01,Darren Morningstar,1994,1994,C,208,235,1969-04-22,"United States Naval Academy, Pitt"
morrich01,Chris Morris,1989,1999,F,203,210,1966-01-20,Auburn
morrida01,Darius Morris,2012,2015,G,193,190,1991-01-03,Michigan
morriis01,Isaiah Morris,1993,1993,F,203,229,1969-04-02,Arkansas
morrija01,Jaylen Morris,2018,2022,G,196,185,1995-09-19,Molloy
morrima03,Marcus Morris,2012,2023,F,203,218,1989-09-02,Kansas
morrima02,Markieff Morris,2012,2023,F,206,245,1989-09-02,Kansas
morrima01,Max Morris,1950,1950,F-C,188,195,1925-03-14,Northwestern
morrimo01,Monte Morris,2018,2023,G,188,183,1995-06-27,Iowa State
morrira01,Randolph Morris,2007,2010,C,208,266,1986-01-02,Kentucky
morrite01,Terence Morris,2002,2006,F,206,221,1979-01-11,Maryland
morriad01,Adam Morrison,2007,2010,F,203,205,1984-07-19,Gonzaga
morrijo01,John Morrison,1968,1968,G,188,190,1945-05-02,Canisius
morrimi01,Mike Morrison,1990,1990,G,193,195,1967-08-16,Loyola (MD)
morrire01,Red Morrison,1955,1958,F-C,203,220,1932-04-26,Idaho
morroan01,Anthony Morrow,2009,2017,G,196,210,1985-09-27,Georgia Tech
mortodw01,Dwayne Morton,1995,1995,F,201,195,1971-08-08,Louisville
mortojo01,John Morton,1990,1992,G,190,180,1967-05-18,Seton Hall
mortori01,Richard Morton,1989,1989,G,190,190,1966-02-02,Cal State Fullerton
moslegl01,Glenn Mosley,1978,1979,F,203,195,1955-12-26,Seton Hall
mosspe01,Perry Moss,1986,1987,G,188,185,1958-11-11,Northeastern University
motenla01,Lawrence Moten,1996,1998,G,196,185,1972-03-25,Syracuse
motiedo01,Donatas Motiejūnas,2013,2019,F-C,213,222,1990-09-20,
motlejo01,Johnathan Motley,2018,2020,F,203,230,1995-05-04,Baylor
mottoha01,Hanno Möttölä,2001,2002,F-C,211,247,1976-09-09,Utah
moultar01,Arnett Moultrie,2013,2014,F,211,249,1990-11-18,"Texas-El Paso, Mississippi State"
mountri01,Rick Mount,1971,1975,G,190,175,1947-01-05,Purdue
mournal01,Alonzo Mourning,1993,2008,C-F,208,240,1970-02-08,Georgetown
mozgoti01,Timofey Mozgov,2011,2018,C,216,275,1986-07-16,
mrazoch01,Chuck Mrazovich,1951,1951,F,196,185,1924-02-26,Eastern Kentucky University
mudiaem01,Emmanuel Mudiay,2016,2022,G,190,200,1996-03-05,
mueller01,Erwin Mueller,1967,1974,C-F,203,230,1944-03-12,San Francisco
muhamsh01,Shabazz Muhammad,2014,2018,F-G,198,223,1992-11-13,UCLA
muldemy01,Mychal Mulder,2020,2022,G-F,190,184,1994-06-12,"Vincennes University, Kentucky"
mullajo01,Joe Mullaney,1950,1950,G,183,165,1924-11-17,Holy Cross
mullebo01,Bob Mullens,1947,1947,G,185,175,1922-11-01,Fordham
mulleby01,Byron Mullens,2010,2014,C-F,213,275,1989-02-14,Ohio State
mullich01,Chris Mullin,1986,2001,F-G,198,200,1963-07-30,St. John's
mullije01,Jeff Mullins,1965,1976,G-F,193,190,1942-03-18,Duke
mundtto01,Todd Mundt,1996,1996,C,213,250,1970-05-17,"Memphis, Delta State University"
munfoxa02,Xavier Munford,2016,2018,G,188,180,1992-06-01,Rhode Island
munkch01,Chris Munk,1991,1991,F,206,225,1967-08-05,USC
munroge01,George Munroe,1947,1948,G,180,170,1922-01-05,Dartmouth College
murdoer01,Eric Murdock,1992,2000,G,185,190,1968-06-14,Providence
muresgh01,Gheorghe Mureșan,1994,2000,C,231,303,1971-02-14,
murkead01,Ade Murkey,2022,2022,G,196,200,1998-01-29,Denver
murphal01,Allen Murphy,1976,1977,G,196,190,1952-07-15,Louisville
murphca01,Calvin Murphy,1971,1983,G,175,165,1948-05-09,Niagara University
murphdi01,Dick Murphy,1947,1947,G,185,175,1921-03-10,Manhattan College
murpher01,Erik Murphy,2014,2014,F,208,230,1990-10-26,Florida
murphja01,Jay Murphy,1985,1988,F,206,220,1962-06-26,Boston College
murphjo01,John Murphy,1947,1947,F,188,175,1924-09-13,
murphke01,Kevin Murphy,2013,2013,G,196,185,1990-03-06,Tennessee Technological University
murphro01,Ronnie Murphy,1988,1988,F,196,225,1964-07-29,Jacksonville University
murphto01,Tod Murphy,1988,1994,C-F,206,220,1963-12-24,"University of California, Irvine"
murphtr02,Trey Murphy III,2022,2023,F,206,206,2000-06-18,"Rice University, Virginia"
murphtr01,Troy Murphy,2002,2013,F-C,211,245,1980-05-02,Notre Dame
murrade01,Dejounte Murray,2017,2023,G,193,180,1996-09-19,Washington
murraja01,Jamal Murray,2017,2023,G,193,215,1997-02-23,Kentucky
murrake02,Keegan Murray,2023,2023,F,203,215,2000-08-19,Iowa
murrake01,Ken Murray,1951,1955,G-F,188,190,1928-04-20,St. Bonaventure
murrala01,Lamond Murray,1995,2006,F,201,236,1973-04-20,California
murraro01,Ronald Murray,2003,2010,G,193,190,1979-07-29,"Meridian Community College, Shaw"
murratr01,Tracy Murray,1993,2004,F,201,225,1971-07-25,UCLA
murrewi01,Willie Murrell,1968,1970,F,198,225,1941-09-13,"Eastern Oklahoma State College, Kansas State"
murredo01,Dorie Murrey,1967,1972,F-C,203,215,1943-09-07,Detroit Mercy
murryto01,Toure' Murry,2014,2015,G-F,196,195,1989-11-08,Wichita State
musadz01,Džanan Musa,2019,2020,G-F,206,217,1999-05-08,
muscami01,Mike Muscala,2014,2023,F-C,208,240,1991-07-01,Bucknell
musian01,Angelo Musi,1947,1949,G,175,145,1918-07-25,Temple
mustaje01,Jerrod Mustaf,1991,1994,F-C,208,238,1969-10-28,Maryland
mutomdi01,Dikembe Mutombo,1992,2009,C,218,245,1966-06-25,Georgetown
muursma01,Martin Müürsepp,1997,1998,F,206,235,1974-09-26,
myerspe01,Pete Myers,1987,1998,G-F,198,180,1963-09-15,Little Rock
mykhasv01,Svi Mykhailiuk,2019,2023,G-F,201,205,1997-06-10,Kansas
