id,player,from,to,position,height,weight,birth_date,colleges
ndiayha01,Hamady N'Diaye,2011,2014,C,213,235,1987-01-12,Rutgers University
ndiayma01,Makhtar N'Diaye,1999,1999,F,203,245,1973-12-12,"Michigan, UNC"
ndiayma02,Mamadou N'Diaye,2001,2005,C,213,255,1975-06-16,Auburn
ndongbo01,Boniface N'Dong,2006,2006,C,213,198,1977-03-09,
naberbo01,Bob Naber,1953,1953,F,190,185,1929-09-03,Louisville
nachabo01,Boris Nachamkin,1955,1955,F,198,210,1933-12-06,NYU
nachbbo01,Boštjan Nachbar,2003,2008,F,206,221,1980-07-03,
naderab01,Abdel Nader,2018,2022,F,196,225,1993-09-25,"Northern Illinois, Iowa State"
nagelje01,Jerry Nagel,1950,1950,G,183,190,1928-05-18,Loyola Chicago
nagyfr01,Fritz Nagy,1949,1949,G-F,188,185,1924-01-03,University of Akron
nailole01,Lee Nailon,2001,2006,F,206,238,1975-02-22,"Butler County Community College, TCU"
najered01,Eduardo Nájera,2001,2012,F,203,240,1976-07-11,Oklahoma
nancela01,Larry Nance,1982,1994,F-C,208,205,1959-02-12,Clemson
nancela02,Larry Nance Jr.,2016,2023,F-C,201,245,1993-01-01,Wyoming
napiesh01,Shabazz Napier,2015,2020,G,183,175,1991-07-14,UConn
napolpa01,Paul Napolitano,1949,1949,F-G,188,185,1923-02-03,San Francisco
nashbo01,Bob Nash,1973,1979,F,203,195,1950-08-24,"San Jacinto College, Hawaii"
nashco01,Cotton Nash,1965,1968,F,196,215,1942-07-24,Kentucky
nashst01,Steve Nash,1997,2014,G,190,195,1974-02-07,Santa Clara
natersw01,Swen Nater,1974,1984,C,211,240,1950-01-14,"Cypress College, UCLA"
nathaho01,Howard Nathan,1996,1996,G,180,175,1972-01-21,"DePaul, Louisiana-Monroe"
nattca01,Calvin Natt,1980,1990,F,198,220,1957-01-08,Louisiana-Monroe
nattke01,Kenny Natt,1981,1985,G,190,185,1958-10-05,Louisiana-Monroe
naullwi01,Willie Naulls,1957,1966,F-C,198,225,1934-10-07,UCLA
navarju01,Juan Carlos Navarro,2008,2008,G,190,170,1980-06-13,
ndourma01,Maurice Ndour,2017,2017,F,206,200,1992-06-18,Ohio University
nealcr01,Craig Neal,1989,1991,G,196,165,1964-02-16,Georgia Tech
nealga01,Gary Neal,2011,2017,G,193,210,1984-10-03,"La Salle, Towson University"
nealji01,Jim Neal,1954,1955,C,211,235,1930-05-21,Wofford College
nealll01,Lloyd Neal,1973,1979,C-F,201,225,1950-12-10,Tennessee State
nealyed01,Ed Nealy,1983,1993,F,201,238,1960-02-19,Kansas State
nedovne01,Nemanja Nedović,2014,2014,G,190,192,1991-06-16,
negraal01,Al Negratti,1947,1947,F-C,190,200,1921-06-12,Seton Hall
nelsoba01,Barry Nelson,1972,1972,C,208,230,1949-09-19,Duquesne
nelsode01,DeMarcus Nelson,2009,2009,G,193,200,1985-11-02,Duke
nelsodo01,Don Nelson,1963,1976,F,198,210,1940-05-15,Iowa
nelsoja01,Jameer Nelson,2005,2018,G,183,190,1982-02-09,Saint Joseph's
nelsolo01,Louie Nelson,1974,1978,G,190,190,1951-05-28,Washington
nelsoro01,Ron Nelson,1971,1971,G,188,175,1946-10-07,New Mexico
nembhan01,Andrew Nembhard,2023,2023,G,196,193,2000-01-16,"Florida, Gonzaga"
nembhrj01,RJ Nembhard Jr.,2022,2022,G,196,200,1999-03-22,TCU
nembhru01,Ruben Nembhard,1997,1997,G,190,208,1972-02-20,Weber State
nemeldi01,Dick Nemelka,1971,1971,G,183,175,1943-10-01,BYU
nesbyty01,Tyrone Nesby,1999,2002,F,198,225,1976-01-31,"Vincennes University, UNLV"
nesmiaa01,Aaron Nesmith,2021,2023,G-F,196,215,1999-10-16,Vanderbilt
nesslma01,Martin Nessley,1988,1988,C,218,260,1965-02-16,Duke
nestera01,Rasho Nesterović,1999,2010,C,213,248,1976-05-30,
netora01,Raul Neto,2016,2023,G,185,180,1992-05-19,
netolbo01,Bob Netolicky,1968,1976,F-C,206,220,1942-08-02,Drake University
neumajo01,Johnny Neumann,1972,1978,G-F,198,200,1951-09-11,Ole Miss
neumapa01,Paul Neumann,1962,1967,G,185,175,1938-01-30,Stanford
nevitch01,Chuck Nevitt,1983,1994,C,226,217,1959-06-13,NC State
newbeme01,Melvin Newbern,1993,1993,G,193,200,1967-06-11,Minnesota
newbiiv01,Ivano Newbill,1995,1998,F,206,245,1970-12-12,Georgia Tech
newblir01,Ira Newble,2001,2008,F,201,220,1975-01-20,Miami University
newlimi01,Mike Newlin,1972,1982,G-F,193,200,1949-01-02,Utah
newmajo01,Johnny Newman,1987,2002,F-G,201,190,1963-11-28,Richmond
newmama01,Malik Newman,2020,2022,G,190,190,1997-02-21,"Mississippi State, Kansas"
newmada01,Dave Newmark,1969,1971,C,213,240,1946-09-11,Columbia University
newtobi01,Bill Newton,1973,1974,C,206,220,1950-12-22,LSU
niangge01,Georges Niang,2017,2023,F,201,230,1993-06-17,Iowa State
nichode01,Demetris Nichols,2008,2009,F,203,216,1984-09-04,Syracuse
nichoja01,Jack Nichols,1949,1958,C-F,201,222,1926-04-09,Washington
nichoan01,Andrew Nicholson,2013,2017,F,206,250,1989-12-08,St. Bonaventure
nickega01,Gaylon Nickerson,1997,1997,G,190,190,1969-02-05,"Wichita State, Butler County Community College, Kansas State, Northwestern Oklahoma State University"
nicksca01,Carl Nicks,1981,1983,G,185,175,1958-10-06,Indiana State University
niemari01,Rich Niemann,1969,1972,C,213,245,1946-07-02,Saint Louis
niemiri01,Richie Niemiera,1949,1950,G-F,185,165,1921-05-26,Notre Dame
nilesmi01,Mike Niles,1981,1981,F,198,225,1955-03-31,Cal State Fullerton
nimphku01,Kurt Nimphius,1982,1990,C-F,208,218,1958-03-13,Arizona State
nixda01,Daishen Nix,2022,2023,G,196,224,2002-02-13,
nixdy01,Dyron Nix,1990,1990,F,201,210,1967-02-11,Tennessee
nixonno01,Norm Nixon,1978,1989,G,188,170,1955-10-11,Duquesne
nnajize01,Zeke Nnaji,2021,2023,F,206,240,2001-01-09,Arizona
noahjo01,Joakim Noah,2008,2020,C,211,230,1985-02-25,Florida
noblech01,Chuck Noble,1956,1962,G,193,190,1931-07-24,Louisville
nocioan01,Andrés Nocioni,2005,2012,F,201,225,1979-11-30,
noelda01,David Noel,2007,2007,F,198,230,1984-02-27,UNC
noelne01,Nerlens Noel,2015,2023,C-F,211,220,1994-04-10,Kentucky
noelpa01,Paul Noel,1948,1952,F,193,185,1924-08-17,Kentucky
noguelu01,Lucas Nogueira,2015,2018,C,213,241,1992-07-26,
nolanji01,Jim Nolan,1950,1950,C,203,210,1927-06-09,Georgia Tech
nolenpa01,Paul Nolen,1954,1954,C,208,,1929-09-03,Texas Tech
nordgje01,Jeff Nordgaard,1998,1998,F,201,225,1973-02-23,Green Bay
nordmbe01,Bevo Nordmann,1962,1965,C,208,225,1939-12-11,Saint Louis
norlajo01,Johnny Norlander,1947,1951,F,190,180,1921-03-05,Hamline University
normaco01,Connie Norman,1975,1979,G,190,175,1953-09-24,Arizona
normake01,Ken Norman,1988,1997,F,203,215,1964-09-05,Illinois
norriau01,Audie Norris,1983,1985,C,206,230,1960-12-18,Jackson State University
norrimo01,Moochie Norris,1997,2006,G,185,175,1973-07-27,"Auburn, University of West Florida"
norrisy01,Sylvester Norris,1980,1980,C,211,220,1957-02-18,Jackson State University
norveza01,Zach Norvell,2020,2020,G,196,206,1997-12-09,Gonzaga
norwowi01,Willie Norwood,1972,1978,F,201,220,1947-08-08,Alcorn State
nostrge01,George Nostrand,1947,1950,C-F,203,195,1924-01-25,Wyoming
noszkst01,Stan Noszka,1947,1949,G,185,185,1920-09-09,Duquesne
novakmi01,Mike Novak,1949,1954,C-F,206,219,1915-04-23,Loyola Chicago
novakst01,Steve Novak,2007,2017,F,208,225,1983-06-13,Marquette
nowelja01,Jaylen Nowell,2020,2023,G,193,201,1999-07-09,Washington
nowelme01,Mel Nowell,1963,1968,G,188,170,1939-12-27,Ohio State
nowitdi01,Dirk Nowitzki,1999,2019,F,213,245,1978-06-19,
ntilila01,Frank Ntilikina,2018,2023,G,193,200,1998-07-28,
nunnke01,Kendrick Nunn,2020,2023,G,188,190,1995-08-03,"Illinois, Oakland"
nunnaja01,James Nunnally,2014,2021,F,201,208,1990-07-14,UC Santa Barbara
nurkiju01,Jusuf Nurkić,2015,2023,C,211,290,1994-08-23,
nuttde01,Dennis Nutt,1987,1987,G,188,170,1963-03-25,TCU
nwabada01,David Nwaba,2017,2022,G,196,219,1993-01-14,Cal Poly
nworajo01,Jordan Nwora,2021,2023,F,203,225,1998-09-09,Louisville
nwosuju01,Julius Nwosu,1995,1995,C,208,255,1971-05-01,Liberty
